,Date,Low,High,Close,Open
999,2021-03-22,308424.3177,320159.498889,318511.818586,314246.402708
998,2021-03-21,303827.787723,321027.25563,314246.402708,318347.439586
997,2021-03-20,316814.057481,328100.484,318359.822804,317963.833793
996,2021-03-19,308324.265682,325843.0124,317963.833793,315832.3313
995,2021-03-18,312446.1239,329470.144621,315871.563088,322801.836521
994,2021-03-17,296559.934617,323140.238089,322801.836521,311776.224682
993,2021-03-16,291889.653262,311981.972397,311776.279475,304677.57236
992,2021-03-15,299169.78,332228.752999,304677.57236,323147.635144
991,2021-03-14,323096.677654,338208.641847,323105.060983,335269.490534
990,2021-03-13,307269.445639,338861.8292,335269.545327,313534.970396
989,2021-03-12,301157.889212,318246.017743,313534.970396,316556.420795
988,2021-03-11,297377.062626,318621.295,316556.475588,306027.617087
987,2021-03-10,290430.2965,314444.369817,306027.617087,300674.779331
986,2021-03-09,283769.714213,300786.1735,300728.64085,286979.323774
985,2021-03-08,269990.699331,287130.552454,286979.268981,279220.251423
984,2021-03-07,267840.23846,281910.149379,279289.509775,267840.23846
983,2021-03-06,257910.651,269581.56,267840.23846,267098.396033
982,2021-03-05,253691.59,270945.522149,267125.244603,265056.151337
981,2021-03-04,260266.75,283684.620684,265056.151337,275879.303041
980,2021-03-03,263558.220303,288430.352,275879.303041,265398.717173
979,2021-03-02,257787.91468,275060.86,265420.853545,271750.047768
978,2021-03-01,246297.439029,272814.347,271702.213479,247303.328923
977,2021-02-28,235609.9,255546.113878,247311.821838,252615.839031
976,2021-02-27,246568.5,265165.2442,252630.961899,253564.908584
975,2021-02-26,241674.279654,265330.225923,253564.853791,257931.088789
974,2021-02-25,255742.711162,285152.251189,257931.088789,272190.857453
973,2021-02-24,257465.129117,281498.982707,272190.80266,267888.4563
972,2021-02-23,245979.804008,296888.144687,267888.4563,296362.570231
971,2021-02-22,260935.2246,315106.159671,296362.570231,314579.489355
970,2021-02-21,303978.358887,319732.49704,314558.777601,305970.632367
969,2021-02-20,295136.631649,316158.130478,305970.632367,306325.7458
968,2021-02-19,277856.39886,308857.1824,306325.7458,282472.215973
967,2021-02-18,278906.78067,287827.629,282472.16118,285568.349231
966,2021-02-17,268195.2971,288313.862082,285579.527003,269216.912585
965,2021-02-16,257546.935066,277741.223974,269216.912585,262519.29023
964,2021-02-15,249696.029647,268545.533956,262519.29023,266186.969271
963,2021-02-14,257604.741681,272361.921199,266172.284747,258386.144654
962,2021-02-13,253157.522629,263828.295,258369.213617,259160.753295
961,2021-02-12,252732.7125,268407.89394,259102.94668,262834.678738
960,2021-02-11,241056.433786,266726.29677,262839.336143,245514.173094
959,2021-02-10,239593.3511,259225.683,245514.173094,254351.407306
958,2021-02-09,246355.300437,263785.501667,254351.407306,254101.770398
957,2021-02-08,208152.524977,256400.829885,254101.825191,212573.224217
956,2021-02-07,204657.3343,217528.21,212573.224217,214684.508093
955,2021-02-06,209396.600042,224407.525943,214717.000342,209798.671076
954,2021-02-05,200378.001,209912.640516,209803.712032,202386.986345
953,2021-02-04,198142.172635,212094.223811,202387.041138,206132.690618
952,2021-02-03,193761.088734,206364.848559,206125.074391,194365.619903
951,2021-02-02,183107.2474,197168.939369,194330.168832,183650.191237
950,2021-02-01,176960.349488,190226.337511,183701.039141,181326.310521
949,2021-01-31,176278.231431,188173.901317,181326.365314,187736.653177
948,2021-01-30,179858.0225,191408.3869,187736.598384,187645.642004
947,2021-01-29,174874.05122,211127.83967,187678.07946,182834.268674
946,2021-01-28,163513.81853,185112.561614,182816.077398,166363.547667
945,2021-01-27,160224.156396,178391.159097,166385.245695,177880.049993
944,2021-01-26,168967.201441,180388.857084,177900.652161,176730.383267
943,2021-01-25,174844.463,191090.5875,176730.43806,176759.204385
942,2021-01-24,169310.37,181205.9303,176761.67007,175764.9854
941,2021-01-23,171996.103688,183315.4608,175764.9854,180542.935
940,2021-01-22,158077.805,185345.705829,180516.469981,169047.308807
939,2021-01-21,164768.0303,195063.08,169037.117309,194341.072639
938,2021-01-20,183008.62,199530.408083,194341.072639,196717.499842
937,2021-01-19,196400.357958,207391.505,196660.241157,200665.445078
936,2021-01-18,190679.64,205308.439519,200713.717711,196295.867707
935,2021-01-17,185474.305,201925.90325,196315.702773,197227.293914
934,2021-01-16,193735.99354,207939.435,197227.293914,201295.400199
933,2021-01-15,188531.7544,217789.901368,201321.646046,214488.349153
932,2021-01-14,201097.049539,219719.93,214484.45885,204769.002434
931,2021-01-13,177419.734,207391.505,204769.002434,186565.507595
930,2021-01-12,178247.1083,200695.8004,186576.959332,194024.040341
929,2021-01-11,166680.306,209663.989882,193991.712471,209035.404586
928,2021-01-10,192384.305023,226569.055,209035.404586,219655.383846
927,2021-01-09,212158.496,226733.434,219655.383846,222388.129928
926,2021-01-08,199994.45,229856.635,222365.390833,216062.387664
925,2021-01-07,198898.59,221171.9445,216061.291804,201470.354248
924,2021-01-06,182394.9384,202401.013353,201470.354248,186019.659729
923,2021-01-05,163831.07,188268.748,186019.659729,175281.437175
922,2021-01-04,154132.709,184104.48,175275.738703,180817.173965
921,2021-01-03,175134.811107,190559.698123,180817.173965,176304.422485
920,2021-01-02,158606.721829,182460.69,176314.723569,160717.18381
919,2021-01-01,156842.606401,162187.28,160717.129017,158481.245859
918,2020-12-31,152598.505,160543.49,158481.245859,158217.801115
917,2020-12-30,149694.476,158877.7828,158217.746322,150050.6305
916,2020-12-29,141804.284,150187.613,150050.6305,148376.266006
915,2020-12-28,143015.2093,150680.75,148376.211213,144004.442122
914,2020-12-27,140818.01,155732.6646,144005.099638,145165.28662
913,2020-12-26,134242.85,147212.517479,145165.231827,135407.036871
912,2020-12-25,128399.72448,135831.079898,135407.036871,130018.254907
911,2020-12-24,124398.849206,130376.820299,130019.40556,127297.234527
910,2020-12-23,123832.18,132051.13,127299.261868,130466.461647
909,2020-12-22,122480.98462,130610.62203,130466.461647,124489.038484
908,2020-12-21,119530.9295,132066.307661,124488.107003,128519.940322
907,2020-12-20,126352.658,133119.5935,128519.830736,130525.69288
906,2020-12-19,124654.075,132442.735571,130525.747673,126612.322027
905,2020-12-18,122462.355,127586.486774,126612.322027,124912.423995
904,2020-12-17,116325.539,130407.34,124912.478788,116903.714736
903,2020-12-16,105633.23298,118133.708,116903.714736,106443.237899
902,2020-12-15,104380.665,107229.901,106443.237899,105606.329617
901,2020-12-14,104106.7,106018.9757,105603.316002,105065.522707
900,2020-12-13,102523.839816,106358.6923,105065.522707,103058.455117
899,2020-12-12,98740.82151,103825.392738,103058.455117,98827.558829
898,2020-12-11,96284.067769,100231.355489,98827.558829,100023.580433
897,2020-12-10,98140.399816,101681.123476,100022.594159,101593.290297
896,2020-12-09,96709.645,102131.795901,101593.235504,100403.295923
895,2020-12-08,99723.26,105722.216812,100403.295923,105021.19517
894,2020-12-07,103574.550384,106412.992163,105021.19517,106071.960531
893,2020-12-06,103323.1601,106408.006,106075.96042,104915.773438
892,2020-12-05,101367.05,105076.5361,104915.773438,102191.739443
891,2020-12-04,101724.903083,106994.2911,102191.794236,106420.827562
890,2020-12-03,103379.04896,107383.3214,106418.41667,105224.915544
889,2020-12-02,100435.569,105980.6206,105224.970337,102818.845328
888,2020-12-01,98633.536816,108972.3184,102818.845328,107919.580491
887,2020-11-30,99641.015707,108836.212588,107919.580491,99641.0705
886,2020-11-29,95980.8981,100600.221965,99641.015707,97092.319312
885,2020-11-28,92411.462908,97972.568857,97092.374105,93912.626729
884,2020-11-27,90069.171744,95655.537266,93912.571936,93967.090971
883,2020-11-26,88698.9084,103641.123879,93967.090971,102566.085219
882,2020-11-25,101368.529411,106759.831853,102567.619423,104983.388
881,2020-11-24,98726.0274,106402.362321,104983.442793,100643.837193
880,2020-11-23,98627.4,102824.5438,100643.7824,100895.172684
879,2020-11-22,96495.185198,102736.875,100898.186299,102483.73134
878,2020-11-21,100318.202394,103919.85587,102483.73134,102219.957838
877,2020-11-20,97203.001172,103094.234946,102220.012631,97546.936833
876,2020-11-19,94987.227045,99612.57814,97546.991626,97409.625575
875,2020-11-18,94323.135885,101240.642549,97400.694316,96761.040834
874,2020-11-17,90616.6634,97853.832426,96761.040834,91575.979244
873,2020-11-16,86923.6152,92490.584,91578.664101,87433.1901
872,2020-11-15,86434.423296,88655.074,87433.1901,88049.940108
871,2020-11-14,85860.631,89460.476307,88054.816685,89422.395172
870,2020-11-13,87407.711355,90298.864,89426.01151,89267.933705
869,2020-11-12,84603.898752,89535.59751,89267.988498,85938.711025
868,2020-11-11,83683.595524,87477.0245,85938.656232,83818.002753
867,2020-11-10,82586.530078,84709.978,83818.002753,83988.956913
866,2020-11-09,81123.995322,86792.112,83988.956913,84792.71543
865,2020-11-08,80566.969684,85751.045,84792.71543,81193.91119
864,2020-11-07,78596.284646,86318.262136,81193.91119,85367.110449
863,2020-11-06,83099.0638,87449.628,85367.055656,85422.396586
862,2020-11-05,77222.843308,86298.975,85422.396586,77499.273993
861,2020-11-04,74107.5325,78129.3387,77499.273993,76839.127929
860,2020-11-03,72792.445707,77072.436523,76839.127929,74242.487659
859,2020-11-02,72299.637465,75778.719,74241.063041,75403.332157
858,2020-11-01,74534.9179,76134.8735,75403.38695,75565.0263
857,2020-10-31,73485.63195,77258.13,75565.0263,74299.85593
856,2020-10-30,71861.0195,74901.921414,74299.85593,73727.762217
855,2020-10-29,70796.775061,74753.596763,73727.81701,72690.58552
854,2020-10-28,70617.2184,75940.248764,72690.58552,74716.611488
853,2020-10-27,71339.773691,75555.656697,74716.666281,71516.645495
852,2020-10-26,69943.2645,72539.411633,71516.864667,71393.306452
851,2020-10-25,70617.2184,73148.655,71388.868219,71843.102189
850,2020-10-24,70518.591,72144.463689,71843.102189,70809.322658
849,2020-10-23,69697.134344,71382.621817,70809.377451,71060.165012
848,2020-10-22,69467.003744,72244.5705,71058.411636,70029.563475
847,2020-10-21,65132.165135,72423.634024,70030.714128,65258.463
846,2020-10-20,63985.018887,65961.895534,65258.408207,64389.774778
845,2020-10-19,62507.635228,64787.188407,64389.829571,63029.155002
844,2020-10-18,62169.343246,63039.3465,63029.155002,62246.546583
843,2020-10-17,61669.5215,62477.279906,62245.94386,62021.511732
842,2020-10-16,61368.16,63237.423195,62021.950076,63040.058809
841,2020-10-15,61646.672819,63654.891062,63040.004016,62562.044677
840,2020-10-14,61806.504,63274.846814,62562.044677,62576.729201
839,2020-10-13,61916.09,63324.2701,62576.674408,63166.685432
838,2020-10-12,61214.7396,64217.450793,63166.740225,62294.271286
837,2020-10-11,61483.2253,62710.5885,62294.271286,61878.940346
836,2020-10-10,60549.059443,62962.6363,61878.940346,60549.771752
835,2020-10-09,59335.3397,60845.653952,60549.771752,59863.763392
834,2020-10-08,57699.275513,59998.335,59864.475701,58444.40552
833,2020-10-07,57785.629281,58529.170291,58444.350727,58078.662245
832,2020-10-06,57669.6325,59176.44,58078.717038,59133.70146
831,2020-10-05,58166.276252,59165.4814,59133.756253,58445.610966
830,2020-10-04,57630.565091,58611.359791,58445.665759,57763.164151
829,2020-10-03,57513.253278,58100.086308,57763.109358,57918.39272
828,2020-10-02,56842.2582,58434.761952,57918.39272,58185.399009
827,2020-10-01,57187.4541,59833.956,58185.399009,59048.169587
826,2020-09-30,58437.446809,59446.788662,59048.169587,59398.789994
825,2020-09-29,58277.122491,59546.511922,59398.242064,58607.195523
824,2020-09-28,58223.0418,59998.335,58607.250316,59035.402818
823,2020-09-27,58052.197226,59170.9607,59035.348025,58785.163187
822,2020-09-26,58325.395124,59291.176542,58785.21798,58554.923001
821,2020-09-25,57840.805832,58960.172029,58555.470931,58827.572969
820,2020-09-24,55839.162749,59150.358532,58827.518176,56116.031778
819,2020-09-23,55542.677826,57736.205995,56116.031778,57694.892073
818,2020-09-22,56727.1929,57931.049903,57694.892073,57079.073546
817,2020-09-21,56416.790555,60211.260598,57079.073546,59835.490204
816,2020-09-20,58754.5339,60714.150752,59835.490204,60714.150752
815,2020-09-19,59655.166441,61257.423347,60714.205545,59907.37862
814,2020-09-18,59246.794212,60480.677779,59907.323827,59943.542
813,2020-09-17,58879.626319,60521.388978,59943.487207,60020.306993
812,2020-09-16,58416.022746,60781.8749,60020.306993,59095.510739
811,2020-09-15,58116.085864,59888.968172,59095.949083,58473.829361
810,2020-09-14,55956.474562,58902.475,58473.829361,56616.730212
809,2020-09-13,55888.86,57971.596723,56616.675419,57207.563131
808,2020-09-12,56268.301525,57411.941021,57208.932956,56918.365677
807,2020-09-11,55888.86,56971.56968,56918.365677,56638.756998
806,2020-09-10,55181.098819,57441.419655,56638.811791,55994.555697
805,2020-09-09,54688.948093,56672.3999,55994.06256,55487.008138
804,2020-09-08,53971.105,57192.9334,55486.953345,56839.244585
803,2020-09-07,54108.0875,57043.622475,56839.189792,56195.098077
802,2020-09-06,54764.836398,56695.084202,56196.79666,55706.344517
801,2020-09-05,53834.1225,57892.530424,55706.344517,57238.137625
800,2020-09-04,54110.82715,58228.795065,57238.137625,55550.732397
799,2020-09-03,54578.21144,62807.02418,55564.759405,62401.227222
798,2020-09-02,61149.53593,65502.675401,62401.227222,65324.050221
797,2020-09-01,63094.1395,66030.222405,65324.050221,63831.160143
796,2020-08-31,63395.501,64659.959061,63831.160143,64169.013781
795,2020-08-30,62781.8194,64211.9167,64168.958988,62824.777112
794,2020-08-29,62557.387272,63450.403586,62824.777112,63159.34317
793,2020-08-28,61789.463377,63245.642145,63159.397963,62082.551134
792,2020-08-27,60957.2125,63517.14146,62082.551134,62800.558606
791,2020-08-26,61609.2492,63227.396076,62800.613399,62017.018706
790,2020-08-25,60916.884852,64479.580505,62017.018706,64371.857467
789,2020-08-24,63478.183637,64792.17457,64371.91226,63823.543916
788,2020-08-23,63089.372509,64206.820951,63823.598709,63907.870343
787,2020-08-22,62336.955033,64031.0998,63904.856728,63183.068539
786,2020-08-21,62934.198733,65083.1254,63183.671262,64949.101722
785,2020-08-20,63932.4724,65137.9184,64949.156515,64405.774334
784,2020-08-19,63346.1873,65861.624344,64406.924987,65450.78643
783,2020-08-18,64753.983849,67876.308161,65450.293293,67292.105195
782,2020-08-17,64490.155554,68315.9124,67291.995609,65263.887507
781,2020-08-16,64031.0998,65377.473396,65263.9423,64942.85532
780,2020-08-15,63998.224,65642.014,64942.85532,64439.581615
779,2020-08-14,63746.340579,64929.705,64439.526822,64544.893761
778,2020-08-13,61753.683548,64617.165728,64546.154,63364.488162
777,2020-08-12,61094.195,63655.877336,63364.433369,62420.678737
776,2020-08-11,60957.2125,65395.4455,62420.623944,65164.76697
775,2020-08-10,62737.985,66120.630855,65164.876556,64007.484017
774,2020-08-09,63132.330221,64639.904823,64007.429224,64442.156886
773,2020-08-08,63077.7016,64701.053811,64444.293813,63528.976748
772,2020-08-07,62036.6346,65258.134242,63528.264439,64450.101871
771,2020-08-06,63354.40625,65203.67,64450.047078,64353.885363
770,2020-08-05,60781.8749,64551.249749,64353.885363,61324.270807
769,2020-08-04,60272.3,62546.099914,61324.161221,61475.992624
768,2020-08-03,59921.6248,62864.0089,61476.704933,60663.302848
767,2020-08-02,57634.01705,66428.074378,60663.248055,64662.150781
766,2020-08-01,61477.746,64989.9773,64662.150781,62110.385978
765,2020-07-31,60053.128,62705.1092,62110.385978,60819.079347
764,2020-07-30,59346.2983,61203.781,60818.093073,60823.079236
763,2020-07-29,59242.1916,62150.713626,60823.134029,59758.725211
762,2020-07-28,57888.8045,61599.550839,59758.725211,60436.459828
761,2020-07-27,54339.368753,62435.856398,60436.459828,54417.887122
760,2020-07-26,52875.245,55401.2023,54417.887122,53151.511306
759,2020-07-25,52124.5809,53329.47897,53151.511306,52262.11133
758,2020-07-24,51853.026792,52804.0141,52260.46754,52619.197311
757,2020-07-23,51726.400169,52951.9552,52619.197311,52152.854088
756,2020-07-22,50743.7973,52294.4392,52152.854088,51450.627
755,2020-07-21,50150.93704,51712.153989,51450.627,50194.661854
754,2020-07-20,50031.4883,50527.474536,50194.661854,50458.818907
753,2020-07-19,49869.027055,50586.377011,50458.818907,50246.82479
752,2020-07-18,49977.24323,50515.31049,50246.715204,50159.210783
751,2020-07-17,49805.795933,50337.397619,50159.265576,50046.391996
750,2020-07-16,49572.596925,50552.843695,50046.391996,50396.40968
749,2020-07-15,50193.511201,50828.671657,50396.40968,50715.578905
748,2020-07-14,49932.8609,50845.383522,50715.578905,50643.032973
747,2020-07-13,50414.436577,51197.592926,50643.087766,50975.626483
746,2020-07-12,50176.68975,51204.0585,50972.558075,50595.965786
745,2020-07-11,50290.385225,50953.544904,50596.020579,50893.601362
744,2020-07-10,49998.6125,51053.268164,50893.601362,50587.198906
743,2020-07-09,50190.388,51728.920647,50587.253699,51703.003558
742,2020-07-08,50579.4183,51888.971,51703.003558,50724.07182
741,2020-07-07,50425.9979,51392.656006,50724.017027,51190.195871
740,2020-07-06,49620.102456,51368.4375,51199.67506,49694.018213
739,2020-07-05,48727.579279,50109.513532,49694.018213,50053.4055
738,2020-07-04,49533.091172,50354.767,50055.925978,49630.348747
737,2020-07-03,49519.009371,49998.6125,49632.924018,49787.878622
736,2020-07-02,48984.942,50749.057428,49787.878622,50584.842807
735,2020-07-01,49752.59193,50913.6556,50584.8976,50070.281744
734,2020-06-30,49669.251777,50436.9565,50072.857015,50370.821349
733,2020-06-29,49448.874331,50617.7734,50368.794008,49950.175488
732,2020-06-28,49029.105158,50360.2463,49951.216555,49379.4516
731,2020-06-27,48398.6569,50388.957832,49379.4516,50202.497253
730,2020-06-26,49562.734185,50946.5314,50202.497253,50680.730557
729,2020-06-25,49366.794417,51176.662,50680.730557,50948.339569
728,2020-06-24,50453.3944,52984.831,50938.257657,52734.591369
727,2020-06-23,52475.420479,53258.796,52737.659777,53070.801217
726,2020-06-22,50831.959237,53587.554,53070.801217,50928.394917
725,2020-06-21,50856.342122,51625.9646,50928.394917,51280.494735
724,2020-06-20,50250.386335,51478.0235,51280.494735,51013.543239
723,2020-06-19,50496.078147,51715.27719,51013.543239,51430.463176
722,2020-06-18,50847.904,51993.0777,51430.463176,51862.286809
721,2020-06-17,50610.157173,52409.5045,51862.341602,52201.126721
720,2020-06-16,51357.972037,52541.0077,52193.565287,51648.155765
719,2020-06-15,48823.028685,52025.9535,51647.991386,51188.16853
718,2020-06-14,50656.1285,51949.188507,51188.16853,51907.271862
717,2020-06-13,51236.9343,52024.474089,51907.271862,51861.355328
716,2020-06-12,50587.692043,52366.327616,51862.286809,50841.767184
715,2020-06-11,49932.8609,54595.7452,50850.09572,54164.085946
714,2020-06-10,53172.113474,54753.110696,54162.8805,53546.130492
713,2020-06-09,52436.901,54119.0461,53546.075699,53598.5126
712,2020-06-08,52782.0969,53697.14,53598.567393,53406.682307
711,2020-06-07,51354.520078,53708.0986,53406.682307,52967.571205
710,2020-06-06,52223.482265,53340.9855,52964.55759,52717.276781
709,2020-06-05,52497.1733,53997.131675,52717.221988,53632.155502
708,2020-06-04,51779.385,54144.415259,53637.196458,52964.667176
707,2020-06-03,51314.795153,53094.417,52964.228832,52152.086986
706,2020-06-02,50771.1938,56047.704907,52152.196572,55903.708903
705,2020-06-01,51624.156431,56875.134,55893.079061,51769.905811
704,2020-05-31,51403.559813,53149.21,51769.905811,53136.717196
703,2020-05-30,51128.608539,53368.382,53136.717196,51651.16938
702,2020-05-29,51121.869,52630.101118,51653.744651,52469.064491
701,2020-05-28,49916.423,52740.837771,52469.174077,50431.860751
700,2020-05-27,48282.112189,50546.5425,50431.860751,48442.4913
699,2020-05-26,47669.91,49410.519231,48443.477574,48767.687755
698,2020-05-25,47356.055696,49202.251038,48767.687755,47769.304502
697,2020-05-24,47669.91,50946.5314,47781.358962,50294.549493
696,2020-05-23,49697.251,51000.502505,50295.316595,50245.181
695,2020-05-22,48949.436136,50798.5903,50245.181,49683.607543
694,2020-05-21,48300.0295,52483.310671,49689.853945,52115.978399
693,2020-05-20,51099.9518,53927.2706,52115.978399,53560.869809
692,2020-05-19,51910.8882,54229.782753,53563.061529,53335.122649
691,2020-05-18,51857.355439,54519.035,53335.122649,53045.706023
690,2020-05-17,51078.58253,54179.3184,53039.843172,51400.272233
689,2020-05-16,50519.146,52535.5284,51402.792711,51044.939628
688,2020-05-15,50135.595,53947.105666,51047.460106,53653.141221
687,2020-05-14,50720.565068,54458.7627,53653.196014,51008.721455
686,2020-05-13,48179.430107,51494.4614,51008.831041,48278.057507
685,2020-05-12,46731.744254,49194.580018,48276.961647,46913.985772
684,2020-05-11,44930.26,50234.2224,46911.136536,47794.673661
683,2020-05-10,44475.4781,52463.366019,47794.673661,52267.59063
682,2020-05-09,52162.936,54323.150025,52269.23442,53697.249586
681,2020-05-08,53176.6065,54990.035628,53697.194793,54717.93359
680,2020-05-07,49428.7653,55160.1131,54718.48152,50099.43162
679,2020-05-06,48799.796453,51478.0235,50096.801556,49430.737848
678,2020-05-05,47998.668,49963.435394,49433.313119,48611.911256
677,2020-05-04,46694.5946,49039.735,48612.130428,48733.716095
676,2020-05-03,47735.6616,50409.56,48733.770888,49163.457594
675,2020-05-02,47960.3129,49368.493,49160.553565,48358.493631
674,2020-05-01,47196.279308,49637.964974,48365.561928,47231.566
673,2020-04-30,46031.5993,51834.178,47231.566,48100.473394
672,2020-04-29,42245.676965,49055.570177,48100.418601,42402.001394
671,2020-04-28,41966.616216,42628.954,42404.193114,42593.393343
670,2020-04-27,41675.5558,42694.815186,42599.475366,42152.80283
669,2020-04-26,40985.164,42190.61,42152.80283,41308.607079
668,2020-04-25,40717.061851,42218.0065,41306.634531,41122.1465
667,2020-04-24,40481.0684,41730.129628,41122.1465,41006.862028
666,2020-04-23,38464.686,42398.8234,40998.259527,39040.670016
665,2020-04-22,37357.8674,39211.952934,39040.779602,37485.863848
664,2020-04-21,37051.0266,38026.342,37485.918641,37418.030114
663,2020-04-20,36990.7543,39560.546,37406.249619,39020.28702
662,2020-04-19,38659.74908,39813.415695,39016.670682,39717.25398
661,2020-04-18,38434.00192,39960.973244,39717.25398,38501.835654
660,2020-04-17,38207.049314,39166.693916,38506.054715,38913.933807
659,2020-04-16,35441.591811,39396.167,38913.659842,36279.815125
658,2020-04-15,36190.7765,37987.9869,36279.760332,37634.955601
657,2020-04-14,37008.726404,38234.5554,37635.66791,37467.672572
656,2020-04-13,36026.3975,37827.936547,37466.960263,37827.936547
655,2020-04-12,37149.654,39324.9361,37827.936547,37680.269412
654,2020-04-11,37040.068,38049.90299,37680.214619,37582.080356
653,2020-04-10,36930.372414,39975.602975,37582.080356,39908.700722
652,2020-04-09,38947.302744,40392.961256,39908.700722,40329.072618
651,2020-04-08,39176.995,40656.406,40334.661504,39436.275476
650,2020-04-07,38777.0061,40873.879417,39436.275476,40162.72107
649,2020-04-06,37067.4645,40301.018602,40162.72107,37110.093454
648,2020-04-05,36588.135336,37782.732322,37110.093454,37573.806613
647,2020-04-04,36437.399793,38302.553513,37571.505307,36891.962521
646,2020-04-03,36174.88653,38618.1064,36898.15413,37225.597098
645,2020-04-02,35894.8943,39440.0014,37226.857337,36400.962448
644,2020-04-01,33698.297723,36601.395242,36398.551556,35134.038702
643,2020-03-31,34636.84702,35742.734139,35124.723892,35037.109885
642,2020-03-30,32096.424368,36157.9007,35036.726334,32221.02365
641,2020-03-29,32144.642208,34333.2938,32226.064606,34172.476345
640,2020-03-28,33007.3032,34848.348,34172.476345,34843.471423
639,2020-03-27,34305.8973,37492.603387,34843.471423,36915.523511
638,2020-03-26,35670.243,37149.654,36916.016648,36587.587406
637,2020-03-25,35341.485,38124.750228,36587.642199,36956.179917
636,2020-03-24,34910.428469,37440.0569,36956.344296,35425.044325
635,2020-03-23,31166.2584,36163.38,35436.331683,31867.882765
634,2020-03-22,31418.360993,35110.642091,31868.649867,33900.648272
633,2020-03-21,32108.807586,35379.730514,33900.319514,33996.700401
632,2020-03-20,31067.631,37807.17,34017.466948,33763.720565
631,2020-03-19,28780.187629,35067.52,33765.473941,29551.289518
630,2020-03-18,27447.841041,29786.406281,29550.084072,29109.548352
629,2020-03-17,26966.100985,30273.1325,29109.548352,27554.632598
628,2020-03-16,24339.708116,29398.745806,27555.235321,29370.856169
627,2020-03-15,27906.62283,32547.042,29376.17109,28341.569664
626,2020-03-14,27698.573809,30906.101236,28339.268358,30552.850765
625,2020-03-13,20723.424909,32629.2315,30566.82298,26300.694793
624,2020-03-12,24163.713,43649.035281,26300.64,43475.944194
623,2020-03-11,41587.887,43724.814,43475.615436,43256.717401
622,2020-03-10,42344.085193,44650.8157,43256.662608,43450.136691
621,2020-03-09,41818.072393,44816.893283,43450.136691,44024.860468
620,2020-03-08,43834.4,48693.224068,44016.915483,48684.950325
619,2020-03-07,48409.6155,50343.8084,48692.676138,50030.885577
618,2020-03-06,49234.25015,50245.181,50036.310084,49613.088952
617,2020-03-05,47924.916622,50187.210006,49613.308124,47949.299507
616,2020-03-04,47450.738,48482.435397,47948.641991,47999.051551
615,2020-03-03,47401.4243,48873.438245,47999.051551,48827.028574
614,2020-03-02,46563.0914,49126.033975,48849.274532,46740.07279
613,2020-03-01,46086.3923,47943.875,46748.730084,46703.416273
612,2020-02-29,46703.087515,48163.047,46703.416273,47619.50044
611,2020-02-28,46272.6885,48765.77,47631.061763,48345.233725
610,2020-02-27,46743.9083,49159.019361,48345.014553,48141.1298
609,2020-02-26,47306.248859,51381.806992,48137.020325,51047.788864
608,2020-02-25,50683.525,53012.2275,51044.282112,52905.490736
607,2020-02-24,51908.477308,54738.207,52908.833109,54444.51652
606,2020-02-23,52847.8485,54738.207,54444.51652,52879.902405
605,2020-02-22,52382.217586,53199.455181,52879.957198,53023.460065
604,2020-02-21,52328.465653,53453.365943,53023.460065,52585.992753
603,2020-02-20,51505.42,53143.7307,52581.664106,52571.965745
602,2020-02-19,51231.455,56162.825,52567.253547,55695.879054
601,2020-02-18,52469.831593,56162.825,55695.495503,53182.0858
600,2020-02-17,51794.014731,54596.621888,53182.0858,54303.69851
599,2020-02-16,52810.150916,55066.965,54339.697511,54269.507678
598,2020-02-15,53702.6193,56847.7375,54270.932296,56679.851748
597,2020-02-14,55403.229641,56883.681708,56679.851748,56041.074954
596,2020-02-13,55231.344,57532.65,56051.211659,56575.580669
595,2020-02-12,56015.322244,57258.685,56581.772278,56015.322244
594,2020-02-11,53149.21,56566.046687,56015.322244,53980.638982
593,2020-02-10,53456.0508,55823.1084,53981.132119,55624.319396
592,2020-02-09,54139.593475,55702.5638,55624.483775,54217.892672
591,2020-02-08,52968.995823,54464.242,54217.947465,53773.137891
590,2020-02-07,53313.589,54162.8805,53772.370789,53543.7196
589,2020-02-06,52197.729555,54039.979801,53543.7196,52667.195979
588,2020-02-05,50284.741546,53392.764885,52667.250772,50393.231686
587,2020-02-04,49823.329693,51231.455,50393.231686,50910.094055
586,2020-02-03,50595.8562,52704.236047,50914.970632,51130.581087
585,2020-02-02,49971.216,51927.490479,51130.142743,51419.997713
584,2020-02-01,50853.3833,51858.999229,51421.093573,51240.824603
583,2020-01-31,50464.407793,52218.934446,51247.290177,52116.471536
582,2020-01-30,50433.888092,52480.7354,52125.731553,50966.092501
581,2020-01-29,50497.2288,51775.220732,50965.873329,51370.300462
580,2020-01-28,48559.74832,51505.42,51364.108853,48807.248301
579,2020-01-27,46765.8255,49313.7,48807.248301,47200.827127
578,2020-01-26,45443.451238,47221.319709,47204.1695,45697.416793
577,2020-01-25,45231.07357,46306.988918,45700.539994,46239.757907
576,2020-01-24,45138.4734,46727.579986,46239.8127,46050.886436
575,2020-01-23,45513.202727,47625.034533,46050.886436,47575.501661
574,2020-01-22,47067.187,48316.4674,47573.255148,47867.383972
573,2020-01-21,46508.2984,48157.5677,47867.329179,47354.028355
572,2020-01-20,46690.649504,47927.382307,47354.028355,47679.334396
571,2020-01-19,46387.7538,50403.971114,47679.22481,48848.452637
570,2020-01-18,48252.797934,49252.770184,48853.219628,48838.480311
569,2020-01-17,47518.900492,49541.912845,48838.535104,47780.317895
568,2020-01-16,47045.2698,48545.556933,47779.550793,48327.480793
567,2020-01-15,46924.7252,48856.068864,48335.151813,48298.056952
566,2020-01-14,44412.685322,48656.184,48272.687793,44438.985962
565,2020-01-13,44140.638077,44908.3428,44438.985962,44847.906121
564,2020-01-12,43615.228,44913.8221,44847.960914,43944.040793
563,2020-01-11,43851.714588,45403.342762,43944.040793,44924.013598
562,2020-01-10,42037.1896,44924.7807,44913.931686,42835.742782
561,2020-01-09,42464.575,44141.021628,42835.852368,44134.227296
560,2020-01-08,43122.091,46327.4815,44141.131214,44633.939456
559,2020-01-07,42320.524203,44972.341024,44630.432704,42513.34077
558,2020-01-06,40255.102068,42713.006462,42508.4094,40314.716852
557,2020-01-05,40097.5174,41067.3535,40320.798875,40295.813267
556,2020-01-04,39846.620253,40568.7372,40295.374923,40245.4585
555,2020-01-03,37648.489472,40574.2165,40245.239328,38166.009357
554,2020-01-02,37942.727882,39519.45125,38167.214803,39455.179061
553,2020-01-01,39314.799395,39752.3215,39455.617405,39424.878532
552,2019-12-31,39149.653293,40108.476,39424.823739,39703.0078
551,2019-12-30,39560.546,40591.969432,39703.0078,40483.424499
550,2019-12-29,39933.1384,41250.636085,40482.383432,40083.052048
549,2019-12-28,39662.844531,40355.099293,40087.325902,39751.061261
548,2019-12-27,38773.828106,39866.619698,39750.896882,39461.9186
547,2019-12-26,39216.007616,40738.5955,39461.9186,39478.411293
546,2019-12-25,39061.162598,39844.209361,39476.329159,39756.540561
545,2019-12-24,39215.569272,40747.800724,39756.540561,40093.68189
544,2019-12-23,39811.717112,42165.295634,40092.531237,41098.640303
543,2019-12-22,39026.149871,41196.336222,41102.640192,39076.121087
542,2019-12-21,38930.4265,39399.344994,39082.477075,39385.263193
541,2019-12-20,38790.70435,39560.546,39384.276919,39184.172883
540,2019-12-19,38565.011983,40437.234,39178.63879,39877.413919
539,2019-12-18,35259.2955,40765.992,39877.413919,36294.006512
538,2019-12-17,35944.208,38038.451253,36293.896926,37760.267192
537,2019-12-16,37456.4948,39176.995,37761.801396,39010.42428
536,2019-12-15,38400.852155,39452.60379,39004.890187,38706.542302
535,2019-12-14,38420.8516,39844.209361,38706.049165,39765.307441
534,2019-12-13,39400.331268,40048.477665,39771.389464,39438.686368
533,2019-12-12,38795.08779,39971.4935,39440.439744,39505.753
532,2019-12-11,39043.628838,39864.64715,39505.753,39583.285095
531,2019-12-10,39215.89803,40588.46268,39583.175509,40210.610152
530,2019-12-09,39850.9489,41916.645,40210.610152,41150.145723
529,2019-12-08,40409.070398,41445.4252,41150.145723,41025.217683
528,2019-12-07,40931.247688,41750.183866,41030.149053,41247.07454
527,2019-12-06,40026.2865,41588.051379,41245.266371,40486.5477
526,2019-12-05,39176.995,41012.5605,40486.5477,39421.316987
525,2019-12-04,38722.2131,42464.575,39419.837576,39958.945903
524,2019-12-03,39677.529055,40546.82,39958.945903,39968.315506
523,2019-12-02,39183.02223,40659.474408,39967.548404,40500.24595
522,2019-12-01,39505.753,41324.058705,40496.903577,41317.373959
521,2019-11-30,40771.4713,42793.333,41324.277877,42415.206507
520,2019-11-29,40340.25039,43012.505,42408.028624,40648.296636
519,2019-11-28,40327.648,41878.2899,40653.611557,41138.03647
518,2019-11-27,37478.412,41944.0415,41141.433636,39203.021675
517,2019-11-26,38450.878164,40218.062,39210.637902,38957.768207
516,2019-11-25,35697.6395,40424.576817,38955.466901,37808.430239
515,2019-11-24,37593.4773,40165.405927,37825.142104,40059.71023
514,2019-11-23,38793.498793,40242.609264,40062.285501,39824.812639
513,2019-11-22,37204.447,42464.575,39824.812639,41794.949747
512,2019-11-21,41094.75,44572.626089,41794.675782,44374.439808
511,2019-11-20,44044.80512,45282.524197,44371.426193,44567.694719
510,2019-11-19,43850.8379,45032.339359,44566.653652,44856.28945
509,2019-11-18,44163.158,46593.337136,44859.960581,46589.775591
508,2019-11-17,45755.880924,47313.7555,46587.20032,46523.311682
507,2019-11-16,46026.12,46809.6599,46524.845886,46418.547466
506,2019-11-15,46026.12,48163.047,46419.150189,47376.109934
505,2019-11-14,47026.64018,48217.84,47377.753724,48094.774922
504,2019-11-13,47680.8686,48464.353707,48092.473616,48337.891463
503,2019-11-12,46944.45068,48700.0184,48338.055842,47852.699448
502,2019-11-11,47224.333324,49709.962976,47852.206311,49533.748688
501,2019-11-10,47943.875,50120.198167,49529.967971,48268.139974
500,2019-11-09,47806.234984,48656.184,48269.400213,48073.953582
499,2019-11-08,47647.9928,50743.7973,48073.898789,50486.2702
498,2019-11-07,49867.1093,51368.4375,50498.32466,51172.059388
497,2019-11-06,50683.579793,51729.578163,51171.456665,50999.844989
496,2019-11-05,50276.741768,51806.507535,51004.940738,51463.77732
495,2019-11-04,49948.422112,52128.306824,51468.982655,50390.163278
494,2019-11-03,49676.100902,51300.329801,50380.574503,50901.875105
493,2019-11-02,50334.000453,51361.533582,50900.066936,50581.61002
492,2019-11-01,49478.079,50842.4247,50582.760673,50085.514198
491,2019-10-31,48837.0009,51532.8165,50085.459405,50157.621786
490,2019-10-30,49319.234093,51559.336312,50161.457296,51547.172266
489,2019-10-29,49708.2096,52327.315,51547.172266,50433.942885
488,2019-10-28,50190.388,54256.57653,50437.723602,52208.030639
487,2019-10-27,49721.031162,53669.633914,52217.345449,50573.939
486,2019-10-26,46411.753134,56820.341,50573.939,47428.163284
485,2019-10-25,40333.1273,48212.3607,47423.451086,40614.818113
484,2019-10-24,40207.048607,41114.913824,40614.818113,40921.987671
483,2019-10-23,39998.89,44095.159887,40911.850966,43944.314758
482,2019-10-22,43834.4,45467.176607,43943.986,44915.356304
481,2019-10-21,44612.624979,45659.0069,44915.301511,45058.201655
480,2019-10-20,43122.091,45461.7521,45058.201655,43559.722691
479,2019-10-19,43105.214756,44371.91933,43549.531193,43543.394377
478,2019-10-18,42826.263593,44464.5195,43544.051893,44221.841303
477,2019-10-17,43445.534079,44518.874156,44221.128994,43807.113086
476,2019-10-16,43379.6181,44827.029988,43789.140982,44707.25249
475,2019-10-15,44327.537,46042.5579,44707.197697,45734.949998
474,2019-10-14,44946.6979,45965.025805,45742.29226,45342.522532
473,2019-10-13,44711.088,46307.591641,45341.262293,45489.039014
472,2019-10-12,45204.225,46026.12,45478.683137,45247.785435
471,2019-10-11,44998.093734,48105.569143,45250.79905,46890.863126
470,2019-10-10,46105.679436,47363.0692,46892.013779,46914.588495
469,2019-10-09,44464.5195,47505.531,46906.862682,44770.209647
468,2019-10-08,44320.687875,45615.1725,44757.059327,44879.960026
467,2019-10-07,42530.3266,45477.751656,44875.960137,43041.54529
466,2019-10-06,42656.3505,44677.499891,43035.792025,44533.284715
465,2019-10-05,43905.521314,44839.358413,44525.832867,44585.557237
464,2019-10-04,43861.7965,45107.844113,44585.776409,45064.119299
463,2019-10-03,44163.158,45987.7649,45061.544028,45806.948
462,2019-10-02,44662.979746,45883.165063,45806.619242,45438.026731
461,2019-10-01,44782.592865,46574.05,45436.766492,45423.232621
460,2019-09-30,42245.403,45682.348718,45419.780662,44070.229072
459,2019-09-29,43231.677,45089.872009,44074.502926,44926.862834
458,2019-09-28,43840.372437,45560.3795,44923.739633,44806.811371
457,2019-09-27,43024.285495,45286.4145,44809.222263,44182.280757
456,2019-09-26,42464.575,46387.699007,44183.595789,46190.772965
455,2019-09-25,45015.956252,47834.289,46190.772965,46560.625715
454,2019-09-24,42738.54,53669.688707,46536.462002,53161.26446
453,2019-09-23,52687.688561,55066.910207,53161.538425,54946.694365
452,2019-09-22,53992.857821,55280.6577,54951.187391,54711.632395
451,2019-09-21,54245.07,55761.19231,54718.426727,55713.084056
450,2019-09-20,55129.374227,56332.6833,55716.755187,56128.30541
449,2019-09-19,52891.6829,56573.7725,56131.538197,55650.017313
448,2019-09-18,55340.93,56206.768986,55653.195307,55820.259164
447,2019-09-17,55494.405193,56299.8075,55822.122126,56161.071624
446,2019-09-16,55220.3854,56738.1515,56170.002883,56455.090862
445,2019-09-15,56174.605495,56765.548,56447.803393,56616.565833
444,2019-09-14,56011.212769,57094.251207,56628.675086,56678.591509
443,2019-09-13,55631.3329,57198.4127,56667.249358,57066.964293
442,2019-09-12,55012.172,57252.164633,57066.964293,55662.838875
441,2019-09-11,54135.484,56398.4349,55660.537569,55331.012467
440,2019-09-10,54535.4729,56902.475707,55330.793295,56450.926594
439,2019-09-09,55168.33205,57423.064,56453.885416,56881.928332
438,2019-09-08,55932.6944,58039.48525,56881.599574,57291.01287
437,2019-09-07,56374.161601,57850.4494,57290.903284,56429.721703
436,2019-09-06,55614.895,59756.533491,56429.831289,57878.558209
435,2019-09-05,57258.685,59724.37,57886.010057,57893.845456
434,2019-09-04,56819.738277,59170.9607,57899.872686,58145.509705
433,2019-09-03,56283.3696,59028.4989,58164.303704,56655.962
432,2019-09-02,53217.70125,57258.685,56655.962,53278.466687
431,2019-09-01,52162.936,53861.519,53286.082914,52539.583082
430,2019-08-31,51619.115475,53064.335643,52532.624371,52506.816868
429,2019-08-30,51233.701513,53127.2928,52516.570022,52047.925493
428,2019-08-29,51067.076,53280.7132,52044.802292,53264.2753
427,2019-08-28,52606.814093,56431.3107,53264.2753,55810.451217
426,2019-08-27,55072.882644,56935.844644,55806.944465,56840.06648
425,2019-08-26,55548.759849,58102.4972,56832.669425,55574.841317
424,2019-08-25,54283.260721,56617.6069,55574.841317,55530.568573
423,2019-08-24,54190.277,57091.128006,55529.143955,56919.845088
422,2019-08-23,54901.435347,57231.2885,56927.461315,55340.38207
421,2019-08-22,53488.9266,56118.9906,55340.272484,55564.595026
420,2019-08-21,54014.9394,59199.069509,55574.183801,58960.062443
419,2019-08-20,57861.408,59998.115828,58960.062443,59805.080089
418,2019-08-19,56209.94698,59888.749,59809.518322,56470.597281
417,2019-08-18,55231.344,57532.65,56473.939654,55976.802765
416,2019-08-17,54793.0,57341.641602,55976.638386,56607.470195
415,2019-08-16,53423.175,57730.069179,56609.607122,56419.091861
414,2019-08-15,54305.3423,57313.478,56403.530649,55095.238188
413,2019-08-14,54399.03833,59710.562164,55068.992341,59687.987448
412,2019-08-13,59113.154085,62771.737488,59684.425903,62454.979155
411,2019-08-12,61561.688876,63438.732677,62442.541144,63226.081044
410,2019-08-11,60886.584323,63559.88,63285.750621,61966.718732
409,2019-08-10,61751.711,65669.4105,61967.102283,65093.974414
408,2019-08-09,64107.81,66001.894424,65094.029207,65719.655681
407,2019-08-08,63127.0153,66080.358,65750.339761,65614.836672
406,2019-08-07,62369.995212,66525.112781,65614.781879,62911.624017
405,2019-08-06,61514.45731,67563.60451,62911.624017,64820.119
404,2019-08-05,59876.69454,65409.253336,64813.54384,59888.694207
403,2019-08-04,57817.5736,60491.472,59884.529939,59268.820998
402,2019-08-03,57521.307849,59750.506261,59268.820998,57662.783375
401,2019-08-02,56334.601055,58464.131,57662.783375,56847.7375
400,2019-08-01,54044.856378,57356.545298,56847.682707,55234.248029
399,2019-07-31,52354.7115,55394.62714,55234.248029,52464.2975
398,2019-07-30,51516.3786,53227.454404,52459.968853,52103.047251
397,2019-07-29,51478.0235,53308.1097,52095.211852,52280.960122
396,2019-07-28,50217.7845,52573.828707,52280.960122,51937.846356
395,2019-07-27,51138.3069,55826.724738,51924.696036,53828.6432
394,2019-07-26,52804.0141,54190.167414,53828.6432,54147.264495
393,2019-07-25,53258.960379,55751.8775,54134.771691,53496.59762
392,2019-07-24,52190.3325,54447.8041,53495.940104,54052.089054
391,2019-07-23,53817.6846,56677.714821,54052.801363,56672.838244
390,2019-07-22,55340.93,58536.238588,56657.660583,58026.608895
389,2019-07-21,56371.0384,59274.51947,58022.773385,58849.161411
388,2019-07-20,56710.755,60650.316907,58848.942239,57564.320354
387,2019-07-19,55460.597912,59010.472003,57556.156197,58237.507152
386,2019-07-18,50694.4836,59110.6884,58229.397788,52978.584598
385,2019-07-17,49642.458,54557.3901,52973.434056,51670.730481
384,2019-07-16,51231.509793,60425.7204,51722.345487,59361.530754
383,2019-07-15,54025.898,60820.23,59388.598496,55747.384474
382,2019-07-14,55357.3679,62748.9436,55747.384474,62221.725354
381,2019-07-13,59340.819,64655.630414,62221.615768,64421.335546
380,2019-07-12,60672.2889,65121.4805,64421.335546,62151.042384
379,2019-07-11,60272.3,66363.802189,62151.097177,66343.967123
378,2019-07-10,63390.0217,72036.795444,66345.391741,68757.050843
377,2019-07-09,66124.1924,70106.164089,68729.106413,67058.96098
376,2019-07-08,61477.746,67603.767779,67058.96098,62518.813
375,2019-07-07,60789.381541,63220.1634,62498.210832,61677.466485
374,2019-07-06,60077.839643,63916.0345,61677.685657,60175.919113
373,2019-07-05,59156.933692,62501.443619,60111.920889,61070.469631
372,2019-07-04,60573.6615,65751.6,61070.469631,65422.842
371,2019-07-03,59401.310472,65707.162877,65422.842,59422.898914
370,2019-07-02,53297.1511,59936.692875,59411.228005,58217.01457
369,2019-07-01,54957.379,61818.996804,58217.178949,59472.87013
368,2019-06-30,58990.308179,66737.874,59472.87013,65220.820209
367,2019-06-29,62875.077086,68170.930122,65220.820209,67982.003858
366,2019-06-28,60178.494384,68381.664,67946.771959,62080.414207
365,2019-06-27,57670.18043,73850.224572,62080.414207,71769.953534
364,2019-06-26,64332.4613,76545.821,71744.85834,64772.339504
363,2019-06-25,60414.7618,64929.705,64770.038198,60582.373587
362,2019-06-24,58194.54944,61059.291859,60582.373587,59756.971835
361,2019-06-23,57834.997774,62423.692352,59757.629351,58787.4097
360,2019-06-22,54364.080396,61148.988,58790.14935,55668.920898
359,2019-06-21,52152.306158,55751.822707,55668.920898,52152.306158
358,2019-06-20,50273.67336,52546.487,52147.155616,50704.127168
357,2019-06-19,49094.528,50979.4072,50713.606357,49762.838221
356,2019-06-18,49039.735,51156.717348,49760.536915,51023.953909
355,2019-06-17,49039.735,51746.5092,51033.981028,49056.1729
354,2019-06-16,47998.668,51138.3069,49057.981069,48276.852061
353,2019-06-15,46944.615059,48573.939707,48265.50991,47400.766784
352,2019-06-14,44625.172576,47584.487713,47395.945,45020.339692
351,2019-06-13,43889.357379,45531.996726,45031.846222,44533.777852
350,2019-06-12,42678.212907,44930.26,44533.777852,43203.73257
349,2019-06-11,42148.035839,43889.193,43203.73257,43730.2933
348,2019-06-10,41155.0223,43943.986,43739.882075,41793.744301
347,2019-06-09,41131.242138,43478.2455,41796.812709,43260.607704
346,2019-06-08,42470.0543,44079.050745,43251.512066,43719.005942
345,2019-06-07,42396.028957,44382.33,43727.718029,42670.432301
344,2019-06-06,40791.087194,43111.844709,42665.66531,42618.433744
343,2019-06-05,41493.533454,43268.38831,42609.77645,42119.598272
342,2019-06-04,40990.752886,44468.135838,42119.543479,44468.135838
341,2019-06-03,44277.12744,48223.045335,44469.012526,47812.3718
340,2019-06-02,46705.5532,48298.824054,47812.262214,46821.16643
339,2019-06-01,46258.223148,47264.4418,46815.522751,46875.4115
338,2019-05-31,44428.90405,47089.1042,46875.4115,45297.92103
337,2019-05-30,43861.7965,49720.592818,45311.290522,47376.76745
336,2019-05-29,46062.28338,47943.875,47372.274424,47762.345791
335,2019-05-28,46632.294959,48209.566257,47755.606252,47957.682836
334,2019-05-27,47061.7077,48811.357776,47978.504176,47190.690422
333,2019-05-26,42921.658206,47889.082,47201.046299,43960.4239
332,2019-05-25,43332.167362,44337.39974,43973.629013,43639.994436
331,2019-05-24,42552.2438,44546.709,43641.912191,43012.231035
330,2019-05-23,40881.0573,43511.011714,43020.778743,41795.00454
329,2019-05-22,40902.9745,43922.0688,41798.456499,43311.017264
328,2019-05-21,42579.6403,44066.283976,43313.154191,43490.080788
327,2019-05-20,41385.1529,44689.335179,43495.505295,44645.007642
326,2019-05-19,39687.008244,45341.700637,44647.966464,39765.033476
325,2019-05-18,39213.213173,40864.6194,39765.745785,40301.785704
324,2019-05-17,37878.4009,43423.4525,40301.676118,43114.803531
323,2019-05-16,42218.0065,45587.776,43103.406587,44760.840044
322,2019-05-15,43012.505,45198.7457,44765.168691,43534.463118
321,2019-05-14,41640.269108,45839.8238,43547.065508,42714.540666
320,2019-05-13,37642.791,44382.33,42687.637303,38181.077432
319,2019-05-12,36985.275,41214.089154,38175.981683,38772.841832
318,2019-05-11,34918.757005,40239.924407,38772.732246,34931.414188
317,2019-05-10,33818.2396,35445.153356,34921.387069,34026.179035
316,2019-05-09,32786.542203,34106.176815,34021.959974,32802.706138
315,2019-05-08,31627.61546,32956.455296,32806.158097,32033.850762
314,2019-05-07,31493.591782,33031.466913,32033.850762,31505.536656
313,2019-05-06,30788.953802,31807.3365,31493.865747,31632.985174
312,2019-05-05,31210.0928,31998.56407,31646.354666,31943.387519
311,2019-05-04,30615.314785,32327.87,31941.305385,31618.958166
310,2019-05-03,30013.249301,32021.0292,31630.300317,30107.712433
309,2019-05-02,29423.841,30344.3634,30097.082591,29496.16776
308,2019-05-01,29129.05466,29599.1786,29496.16776,29160.505842
307,2019-04-30,28449.347495,29259.352414,29154.314233,28701.340502
306,2019-04-29,28376.19884,29215.6276,28701.340502,29094.041933
305,2019-04-28,28818.268764,29259.462,29081.494336,29016.674217
304,2019-04-27,28808.351231,29273.16025,29016.674217,29122.4795
303,2019-04-26,28282.064466,30190.943,29117.54813,28604.521271
302,2019-04-25,27955.3886,30091.438912,28601.39807,29670.4095
301,2019-04-24,29223.024655,30586.54846,29670.4095,30086.343163
300,2019-04-23,29217.874113,30684.08,30099.493483,29353.377202
299,2019-04-22,28538.112155,29588.22,29353.377202,28806.926613
298,2019-04-21,28300.5845,29118.917955,28799.967902,29001.441763
297,2019-04-20,28657.28693,29223.408206,28994.976189,28813.885324
296,2019-04-19,28355.3775,29149.876,28813.885324,28812.570292
295,2019-04-18,28485.78484,28969.0591,28812.570292,28505.565113
294,2019-04-17,28200.86124,28658.93072,28507.811626,28348.363996
293,2019-04-16,27418.088442,28479.867196,28348.363996,27533.208535
292,2019-04-15,27122.535,28313.625234,27533.208535,28115.822504
291,2019-04-14,27396.5,28234.778107,28115.93209,27656.492785
290,2019-04-13,27418.4172,27938.9507,27644.273946,27654.0271
289,2019-04-12,26636.082746,27838.021994,27659.561193,27491.675441
288,2019-04-11,26996.5111,29219.298731,27491.675441,29083.357298
287,2019-04-10,28136.2055,29708.7646,29085.494225,28218.395
286,2019-04-09,27816.652724,28702.76512,28218.395,28702.655534
285,2019-04-08,27610.1927,29067.6865,28694.54617,28329.460411
284,2019-04-07,27538.9618,28678.6562,28329.460411,27627.014151
283,2019-04-06,27005.223187,28519.7565,27636.986477,27423.677328
282,2019-04-05,26742.381166,27551.125846,27423.622535,26841.118152
281,2019-04-04,26174.6161,27610.631044,26841.227738,27027.140387
280,2019-04-03,26045.85255,28903.362293,27027.19518,26614.001167
279,2019-04-02,22687.260822,26837.556607,26614.549097,22709.178022
278,2019-04-01,22284.3131,22786.76491,22709.287608,22478.499492
277,2019-03-31,22369.625801,22553.456316,22486.773235,22503.430307
276,2019-03-30,22202.1236,22684.302,22503.320721,22488.362232
275,2019-03-29,22048.867579,22595.044203,22482.937725,22071.825846
274,2019-03-28,21928.1586,22134.72821,22069.579333,22134.070694
273,2019-03-27,21567.346695,22180.2064,22125.687365,21636.495461
272,2019-03-26,21336.3942,21692.439114,21635.290015,21563.620771
271,2019-03-25,21307.408703,21913.36449,21567.182316,21869.804055
270,2019-03-24,21643.235,21950.185386,21874.351874,21950.130593
269,2019-03-23,21796.710193,22020.375219,21950.130593,21850.845677
268,2019-03-22,21743.232225,21961.0344,21845.585549,21812.271405
267,2019-03-21,21259.738793,22297.025076,21811.120752,22153.029072
266,2019-03-20,21810.35365,22191.165,22153.029072,22012.978164
265,2019-03-19,21752.821,22087.0583,22002.293529,21850.516919
264,2019-03-18,21661.481069,22119.9341,21850.407333,21817.750705
263,2019-03-17,21643.289793,21982.9516,21813.860402,21949.966214
262,2019-03-16,21489.705014,22229.410514,21949.966214,21503.293678
261,2019-03-15,21216.94546,21584.168146,21499.458168,21243.903616
260,2019-03-14,20878.489099,21478.856,21243.903616,21182.9738
259,2019-03-13,21040.512,21333.983308,21182.9738,21274.423317
258,2019-03-12,20964.130558,21397.76236,21274.642489,21213.712673
257,2019-03-11,20985.719,21571.894514,21213.712673,21456.884007
256,2019-03-10,21268.944017,21607.235999,21461.431826,21607.235999
255,2019-03-09,21121.331675,21762.409775,21605.099072,21176.836984
254,2019-03-08,20821.34,21544.6076,21176.891777,21224.780859
253,2019-03-07,21042.70372,21398.85822,21224.835652,21160.179912
252,2019-03-06,20893.064037,21407.6251,21160.179912,21136.838094
251,2019-03-05,20292.861515,21243.79403,21137.659989,20361.62673
250,2019-03-04,20112.811717,20985.719,20357.24329,20861.448476
249,2019-03-03,20718.986676,21013.1155,20863.804575,20930.761621
248,2019-03-02,20669.289425,21047.689883,20930.542449,20942.816081
247,2019-03-01,20892.625693,21133.6601,20947.3639,20899.474818
246,2019-02-28,20623.372891,21303.5184,20896.351617,20920.186572
245,2019-02-27,20148.317581,21034.210805,20920.350951,20872.352283
244,2019-02-26,20695.3161,21048.785743,20871.913939,20977.171292
243,2019-02-25,20492.582,21219.465938,20974.322056,20512.088308
242,2019-02-24,20342.777938,23002.1014,20512.088308,22563.7574
241,2019-02-23,21550.908795,22804.956186,22562.442368,21708.9866
240,2019-02-22,21515.293345,21851.4484,21708.9866,21573.702683
239,2019-02-21,21374.913679,22007.498864,21573.702683,21751.396382
238,2019-02-20,21208.507338,21845.859514,21751.396382,21409.542855
237,2019-02-19,21128.1808,21887.173436,21411.953747,21354.749855
236,2019-02-18,20026.8415,21506.2525,21361.59898,20095.990266
235,2019-02-17,19749.58892,20274.012723,20095.771094,19819.833546
234,2019-02-16,19714.028263,19989.58226,19826.353913,19739.123457
233,2019-02-15,19580.004585,20017.143139,19739.013871,19673.810201
232,2019-02-14,19550.745123,19870.13352,19673.755408,19771.177362
231,2019-02-13,19680.275775,20109.031,19776.98542,19898.132743
230,2019-02-12,19628.715562,20095.88068,19897.858778,19895.612265
229,2019-02-11,19810.573529,20190.67257,19895.612265,20162.454175
228,2019-02-10,19778.957968,20191.165707,20164.152758,20082.620774
227,2019-02-09,19863.174809,20163.933586,20082.620774,20055.717411
226,2019-02-08,18482.22683,20457.404894,20048.977872,18620.85312
225,2019-02-07,18574.827,18774.547485,18620.85312,18667.9751
224,2019-02-06,18520.034,19082.867696,18659.043841,19021.773501
223,2019-02-05,18894.982499,19062.320321,19021.883087,18976.021346
222,2019-02-04,18812.135483,19094.702984,18976.021346,18948.022123
221,2019-02-03,18772.0818,19238.315437,18948.022123,19199.795958
220,2019-02-02,18850.380997,19322.20352,19203.686261,18970.43246
219,2019-02-01,18636.19516,19111.7984,18969.720151,18816.46413
218,2019-01-31,18732.63084,19118.37356,18816.46413,18944.67975
217,2019-01-30,18558.93703,19057.0054,18948.405674,18684.632172
216,2019-01-29,18355.216656,18867.695585,18690.111472,18815.9162
215,2019-01-28,18521.513411,19493.979575,18816.738095,19451.788965
214,2019-01-27,19100.8398,19610.4147,19456.117612,19537.101666
213,2019-01-26,19424.1185,20070.347142,19535.074325,19542.964517
212,2019-01-25,19300.889043,19655.070995,19535.293497,19556.005251
211,2019-01-24,19337.655146,19665.2077,19559.018866,19467.788521
210,2019-01-23,19256.99985,19769.204814,19466.966626,19563.347513
209,2019-01-22,18820.573605,19772.05405,19566.196749,19324.833584
208,2019-01-21,19043.30715,19503.623143,19324.94317,19392.667318
207,2019-01-20,19040.5675,20239.054789,19392.776904,20085.743975
206,2019-01-19,19693.864439,20382.996,20083.27829,19697.371191
205,2019-01-18,19537.813975,19835.066,19697.371191,19798.464276
204,2019-01-17,19344.065927,19915.61171,19814.299453,19680.768912
203,2019-01-16,19415.954343,19972.0485,19680.768912,19468.281658
202,2019-01-15,19268.615966,19990.787706,19468.281658,19868.380144
201,2019-01-14,18996.842686,20119.277291,19868.434937,19054.594508
200,2019-01-13,18855.91509,19786.30023,19050.485033,19638.35913
199,2019-01-12,19341.929,19825.148467,19633.044209,19732.657883
198,2019-01-11,18985.7745,20043.2794,19732.657883,19648.112284
197,2019-01-10,19396.722,21895.337593,19648.112284,21731.232558
196,2019-01-09,21533.868172,21954.514033,21734.465345,21673.097185
195,2019-01-08,21385.7079,22299.65514,21671.343809,21789.861068
194,2019-01-07,21487.239329,22015.27947,21782.683185,21849.366266
193,2019-01-06,20492.582,22069.031403,21849.25668,20663.097816
192,2019-01-05,20552.8543,21045.936507,20662.221128,20767.040137
191,2019-01-04,20292.971101,20950.870652,20777.560393,20641.61896
190,2019-01-03,20437.789,21165.111282,20639.317654,21136.783301
189,2019-01-02,20549.840685,21271.409702,21142.207808,20801.888485
188,2019-01-01,19955.6106,20877.009688,20805.669202,20280.149539
187,2018-12-31,19891.667169,20876.133,20289.29997,20838.435416
186,2018-12-30,20042.73147,21388.44755,20831.805463,20255.383103
185,2018-12-29,20109.031,21325.4356,20247.766876,21035.0327
184,2018-12-28,19396.941172,21299.408925,21036.457318,19549.539677
183,2018-12-27,19369.3255,20897.940614,19549.649263,20699.370782
182,2018-12-26,20036.375482,21024.895995,20699.370782,20523.046908
181,2018-12-25,19979.774313,22026.786,20524.307147,21972.595723
180,2018-12-24,21505.321019,23002.1014,21961.089193,21532.060003
179,2018-12-23,21204.891,22035.169329,21532.060003,21637.262563
178,2018-12-22,20739.1505,21802.1347,21637.262563,21041.881825
177,2018-12-21,20624.0852,22684.247207,21033.169738,22201.356498
176,2018-12-20,19917.2555,22574.716,22189.082866,20054.292793
175,2018-12-19,19849.038215,21439.021489,20066.402046,20015.8829
174,2018-12-18,18763.698471,20156.098187,20015.773314,19227.028079
173,2018-12-17,17621.4288,19643.2905,19227.302044,17693.865146
172,2018-12-16,17457.0498,18048.8142,17690.851531,17597.922603
171,2018-12-15,17294.095418,17952.92645,17597.977396,17671.783567
170,2018-12-14,17407.7361,18275.602427,17666.194681,18092.977358
169,2018-12-13,17837.86115,18958.378,18092.977358,18883.749934
168,2018-12-12,18355.655,19133.7156,18876.1885,18515.814939
167,2018-12-11,18214.946576,19067.964,18522.170927,18815.970993
166,2018-12-10,18465.843723,19780.273,18809.779384,19443.241257
165,2018-12-09,18596.963372,20043.2794,19426.145841,18691.864848
164,2018-12-08,17654.3046,19150.1535,18689.508749,18649.181101
163,2018-12-07,17668.55078,19451.460207,18649.071515,19225.493875
162,2018-12-06,19177.55,21369.215207,19225.493875,20648.413292
161,2018-12-05,20519.9785,21752.821,20656.084312,21648.604714
160,2018-12-04,20717.2333,22382.9405,21652.221052,21285.765468
159,2018-12-03,20969.2811,22897.9947,21281.655993,22796.901615
158,2018-12-02,22481.787072,23632.166107,22799.422093,22963.636714
157,2018-12-01,21714.520693,23560.935207,22958.376586,22143.330711
156,2018-11-30,21604.8799,23787.613848,22143.604676,23537.538596
155,2018-11-29,22605.674045,24384.967134,23538.196112,23353.105358
154,2018-11-28,21228.287611,24078.619471,23368.392605,21235.739459
153,2018-11-27,20213.795216,21588.442,21233.438153,21174.480885
152,2018-11-26,20278.8893,23045.9358,21162.15246,22403.159117
151,2018-11-25,20014.019938,23193.8769,22387.214354,21553.812824
150,2018-11-24,20956.623917,24804.7911,21547.018492,24194.561459
149,2018-11-23,23138.755142,24569.1812,24221.848373,23949.47237
148,2018-11-22,23752.7655,25871.994361,23944.541,25539.455644
147,2018-11-21,24184.808305,26230.50496,25539.400851,24985.114863
146,2018-11-20,23703.4518,27660.821432,24979.361598,26921.99262
145,2018-11-19,26602.0015,31034.7552,26903.527379,31023.467842
144,2018-11-18,30777.2281,31441.154881,31023.7966,30851.143857
143,2018-11-17,30494.660599,30994.20838,30839.089397,30961.168201
142,2018-11-16,30406.005525,31686.189177,30990.592042,31544.823237
141,2018-11-15,29606.959206,32544.521522,31524.60462,32422.11396
140,2018-11-14,30995.687791,35521.425212,32450.661113,35390.689114
139,2018-11-13,35019.028195,35604.4914,35383.456438,35350.690224
138,2018-11-12,35182.5853,35599.0121,35358.306451,35345.375303
137,2018-11-11,34820.9515,35408.003702,35340.443933,35260.172188
136,2018-11-10,35127.7923,35481.481115,35248.610865,35177.051207
135,2018-11-09,35018.261093,35678.626329,35177.051207,35504.987312
134,2018-11-08,35441.317846,36130.5042,35504.987312,36045.355878
133,2018-11-07,35664.7637,36246.391395,36045.355878,35739.994489
132,2018-11-06,35315.074774,35787.006883,35720.159423,35445.536907
131,2018-11-05,35237.487886,35639.504127,35445.536907,35537.917905
130,2018-11-04,34842.8687,35752.4325,35537.917905,35001.7684
129,2018-11-03,34766.1585,35286.527621,34996.782237,35247.24104
128,2018-11-02,35002.86426,35398.140962,35253.706614,35122.313
127,2018-11-01,34786.212738,35301.212145,35122.313,34900.510936
126,2018-10-31,34218.338086,35220.9404,34913.716049,34684.023793
125,2018-10-30,34612.792893,35040.1235,34688.735991,34763.41885
124,2018-10-29,34601.7795,35642.901293,34763.41885,35560.273449
123,2018-10-28,35357.9229,35693.091681,35560.273449,35646.13408
122,2018-10-27,35412.935072,35935.167155,35646.13408,35827.115359
121,2018-10-26,35697.694293,36163.38,35827.115359,35769.582709
120,2018-10-25,35630.79204,36026.890637,35769.363537,35981.522033
119,2018-10-24,35875.881129,36327.759,35974.34415,35908.647343
118,2018-10-23,35700.105185,36135.9835,35908.647343,36060.36916
117,2018-10-22,35808.704911,36377.0727,36060.36916,36109.244516
116,2018-10-21,36053.794,36513.50727,36109.189723,36085.135596
115,2018-10-20,35645.860115,36260.089645,36099.82012,35773.692184
114,2018-10-19,35741.4739,36427.153502,35773.692184,36267.267528
113,2018-10-18,35982.5631,37237.3228,36267.267528,36925.057493
112,2018-10-17,36579.861593,37320.169816,36935.358577,37055.190868
111,2018-10-16,36546.931,37807.17,37036.068111,36998.97325
110,2018-10-15,34519.59,42081.024,36998.97325,34735.145662
109,2018-10-14,34563.4244,35155.1888,34735.145662,34699.968556
108,2018-10-13,34437.784051,34766.1585,34700.023349,34508.6314
107,2018-10-12,34020.9737,34848.348,34508.686193,34260.473903
106,2018-10-11,33999.0565,36349.237856,34260.309524,36328.909653
105,2018-10-10,35779.829,36491.864035,36333.2383,36473.891931
104,2018-10-09,36201.7351,36631.202634,36473.563173,36563.423693
103,2018-10-08,36092.1491,36796.78708,36563.423693,36246.994118
102,2018-10-07,35752.4325,36382.552,36246.994118,36143.873692
101,2018-10-06,35981.302861,36442.8243,36131.983611,36358.717045
100,2018-10-05,35851.498244,36694.8721,36358.717045,36117.847017
99,2018-10-04,35643.339637,36401.510378,36129.353547,35670.297793
98,2018-10-03,35231.899,35883.9357,35670.243,35756.761147
97,2018-10-02,35582.5742,36382.552,35756.761147,36218.173
96,2018-10-01,35670.243,36530.986237,36226.994673,36308.965001
95,2018-09-30,35796.2669,36503.0966,36308.965001,36150.558438
94,2018-09-29,35421.318401,36360.6348,36143.544934,36352.854194
93,2018-09-28,35839.443784,37340.33364,36352.854194,36651.695216
92,2018-09-27,35253.8162,36985.275,36651.750009,35439.235712
91,2018-09-26,34956.29021,35933.194607,35424.332016,35314.691223
90,2018-09-25,34656.682086,36075.765993,35328.005922,36061.574606
89,2018-09-24,35927.7701,36875.689,36061.410227,36748.624033
88,2018-09-23,36501.726775,37194.748639,36755.1444,36837.607865
87,2018-09-22,36311.3211,37473.097079,36837.607865,37034.643493
86,2018-09-21,35566.1363,37176.283398,37034.698286,35571.6156
85,2018-09-20,34656.5725,35834.622,35571.6156,35023.6856
84,2018-09-19,33549.7539,35712.43361,35023.082877,34718.981727
83,2018-09-18,34108.532914,35012.727,34719.310485,34238.447117
82,2018-09-17,33977.1393,35800.869512,34238.447117,35615.888344
81,2018-09-16,34903.141,35750.350366,35642.8465,35697.420328
80,2018-09-15,35429.866109,35974.070185,35697.420328,35487.398759
79,2018-09-14,34988.727666,36081.135707,35487.398759,35546.356027
78,2018-09-13,34724.51582,35807.2255,35546.301234,34731.200566
77,2018-09-12,33929.852941,34848.348,34731.200566,34481.2349
76,2018-09-11,33805.527624,35089.4372,34491.700363,34585.286807
75,2018-09-10,34086.7253,34924.948614,34585.3416,34258.008218
74,2018-09-09,33651.285329,35292.1713,34250.063233,33889.799258
73,2018-09-08,33484.0023,35494.9054,33889.744465,35043.082322
72,2018-09-07,34629.176,35856.5392,35043.082322,35707.721412
71,2018-09-06,34327.8145,36848.2925,35703.173593,36696.351511
70,2018-09-05,36612.6826,40532.02589,36711.31,40322.442665
69,2018-09-04,39599.832581,40601.613,40322.497458,39796.1559
68,2018-09-03,39405.098259,40208.637604,39796.265486,40009.8486
67,2018-09-02,39050.9711,40247.924185,40009.903393,39459.562501
66,2018-09-01,38402.989082,39861.9075,39451.014793,38416.522953
65,2018-08-31,37741.4184,38842.7577,38416.522953,38272.033812
64,2018-08-30,37176.009433,38703.747859,38272.033812,38537.067553
63,2018-08-29,37874.784562,39088.285133,38526.163746,38777.0061
62,2018-08-28,37587.998,39094.8055,38772.129523,37846.949718
61,2018-08-27,36418.16745,38029.136443,37854.511152,36711.31
60,2018-08-26,35988.0424,37123.736911,36711.31,36895.633652
59,2018-08-25,36440.687373,37198.9677,36895.633652,36639.969514
58,2018-08-24,35289.43165,36848.2925,36610.710052,35752.4325
57,2018-08-23,34751.254804,36037.301307,35752.487293,34862.429801
56,2018-08-22,34252.20016,37711.501422,34853.224577,35505.754414
55,2018-08-21,34163.873844,35615.45,35505.864,34251.1043
54,2018-08-20,34081.246,35779.829,34272.144812,35492.330129
53,2018-08-19,34519.59,35840.1013,35492.330129,35001.549228
52,2018-08-18,34453.8384,36272.966,35001.549228,36048.533872
51,2018-08-17,34439.59222,36081.1905,36078.396057,34607.2588
50,2018-08-16,34002.34408,35505.864,34583.971775,34329.293911
49,2018-08-15,33818.842323,36212.6937,34339.649788,33906.346744
48,2018-08-14,32218.284,34247.433169,33906.346744,34236.036225
47,2018-08-13,33670.517672,35862.0185,34225.625555,34566.492808
46,2018-08-12,33588.109,35463.67339,34565.232569,34095.218215
45,2018-08-11,32716.9003,35549.6984,34148.915355,33687.448709
44,2018-08-10,33020.398727,36031.219284,33664.873993,35778.678347
43,2018-08-09,33854.40298,36288.362833,35778.678347,34427.921311
42,2018-08-08,33549.7539,36829.334122,34437.4005,36824.347959
41,2018-08-07,36546.931,39179.515478,36821.224758,37998.9455
40,2018-08-06,37374.3053,39231.788,37997.959226,38487.644267
39,2018-08-05,37710.131597,38847.524691,38487.644267,38409.016312
38,2018-08-04,37949.6318,41066.312433,38409.016312,40614.051011
37,2018-08-03,39902.673492,41313.922,40649.721254,41235.622803
36,2018-08-02,40852.126596,42242.444178,41235.622803,41643.118344
35,2018-08-01,40711.199,42464.575,41667.775194,42386.056631
34,2018-07-31,41823.4969,44820.674,42360.084749,44773.55202
33,2018-07-30,43100.1738,45330.2489,44787.359856,44990.477507
32,2018-07-29,44464.5195,45448.108643,44990.5323,45067.461672
31,2018-07-28,44201.5131,45185.266622,45067.461672,44867.631601
30,2018-07-27,42765.9365,45396.0005,44867.631601,43396.056
29,2018-07-26,43012.833758,45564.160217,43396.056,44796.729459
28,2018-07-25,44108.365,46528.955361,44796.784252,46010.997132
27,2018-07-24,42168.6928,46497.3398,46010.997132,42309.236845
26,2018-07-23,40409.8375,42919.3569,42305.730093,40518.218054
25,2018-07-22,40193.40515,41546.24432,40518.272847,40542.710525
24,2018-07-21,39511.2323,40867.194671,40540.135254,40204.199371
23,2018-07-20,39850.9489,42190.61,40204.528129,40924.124598
22,2018-07-19,39834.511,41512.711004,40909.604453,40447.535084
21,2018-07-18,39590.024634,41577.366744,40447.64467,40094.448992
20,2018-07-17,36448.522772,40924.836907,40094.448992,36839.142069
19,2018-07-16,34686.16072,36970.48089,36839.251655,34816.294095
18,2018-07-15,34110.83422,35040.1235,34810.047693,34250.55637
17,2018-07-14,33851.1154,34711.3655,34256.528807,34051.493401
16,2018-07-13,33478.523,34793.555,34051.493401,34253.29602
15,2018-07-12,33259.351,34959.468204,34248.748201,34947.358951
14,2018-07-11,34404.469907,35100.3958,34947.358951,34502.658963
13,2018-07-10,34316.8559,36607.2033,34502.658963,36507.370454
12,2018-07-09,36230.446632,37270.527358,36503.754116,36777.60953
11,2018-07-08,36532.903992,37149.654,36777.60953,37004.342964
10,2018-07-07,35664.106184,37358.744088,37023.520514,36217.022347
9,2018-07-06,35204.5025,36429.345222,36216.967554,35775.44556
8,2018-07-05,35359.731069,36777.0616,35775.44556,36084.094529
7,2018-07-04,35292.774023,37176.612156,36092.039514,35675.777093
6,2018-07-03,35412.770693,36598.162455,35691.393098,36247.158497
5,2018-07-02,34364.087466,36629.1205,36247.158497,34852.841026
4,2018-07-01,34251.1043,35292.500058,34830.869033,35018.644644
3,2018-06-30,33895.114179,35774.294907,35013.110551,33960.263056
2,2018-06-29,31670.354,34519.59,33960.263056,32059.439093
1,2018-06-28,31927.8811,33823.773693,32075.712614,33614.026089
0,2018-06-27,32716.9003,33919.223099,33608.546789,33236.831077
