date,trend,days_to_event_happen,event_title,event_votes,event_confidence
2017-05-31,1.4267026753312515,,,,
2017-06-01,3.8045404675500043,,,,
2017-06-02,0.47556755844375054,,,,
2017-06-03,4.755675584437506,,,,
2017-06-04,1.9022702337750022,,,,
2017-06-05,2.853405350662503,,,,
2017-06-06,6.657945818212507,,,,
2017-06-07,2.853405350662503,,,,
2017-06-08,2.377837792218753,,,,
2017-06-09,3.872478690184826,,,,
2017-06-10,1.9022702337750022,,,,
2017-06-11,3.3289729091062537,,,,
2017-06-12,7.439235378512954,,,,
2017-06-13,31.964933749683517,,,,
2017-06-14,22.07992235631699,,,,
2017-06-15,20.65321968098574,,,,
2017-06-16,15.116254536247785,,,,
2017-06-17,12.262849185585281,,,,
2017-06-18,12.025065406363407,,,,
2017-06-19,7.67701915773483,,,,
2017-06-20,7.914802936956705,,,,
2017-06-21,7.439235378512954,,,,
2017-06-22,6.963667820069205,,,,
2017-06-23,7.439235378512954,,,,
2017-06-24,10.530424508397333,,,,
2017-06-25,8.628154274622332,,,,
2017-06-26,9.817073170731707,,,,
2017-06-27,8.628154274622332,,,,
2017-06-28,12.738416744029031,,,,
2017-06-29,8.865938053844207,,,,
2017-06-30,7.2014515992910795,,,,
2017-07-01,6.488100261625453,,,,
2017-07-02,6.725884040847329,,,,
2017-07-03,5.774748923959828,,,,
2017-07-04,6.250316482403578,,,,
2017-07-05,4.042324246771879,,,,
2017-07-06,7.914802936956705,,,,
2017-07-07,6.250316482403578,,,,
2017-07-08,1.6644864545531268,,,,
2017-07-09,6.012532703181703,,,,
2017-07-10,6.963667820069205,,,,
2017-07-11,6.488100261625453,,,,
2017-07-12,6.963667820069205,,,,
2017-07-13,6.012532703181703,,,,
2017-07-14,3.872478690184826,,,,
2017-07-15,4.823613807072327,,,,
2017-07-16,6.963667820069205,,,,
2017-07-17,13.213984302472783,,,,
2017-07-18,11.005992066841085,,,,
2017-07-19,8.15258671617858,,,,
2017-07-20,7.439235378512954,,,,
2017-07-21,7.439235378512954,,,,
2017-07-22,5.299181365516077,,,,
2017-07-23,5.774748923959828,,,,
2017-07-24,6.488100261625453,,,,
2017-07-25,6.488100261625453,,,,
2017-07-26,9.341505612287957,,,,
2017-07-27,7.2014515992910795,,,,
2017-07-28,6.488100261625453,,,,
2017-07-29,6.963667820069205,,,,
2017-07-30,8.390370495400456,,,,
2017-07-31,6.488100261625453,,,,
2017-08-01,6.725884040847329,,,,
2017-08-02,6.250316482403578,,,,
2017-08-03,8.865938053844207,,,,
2017-08-04,13.92733564013841,,,,
2017-08-05,8.390370495400456,,,,
2017-08-06,6.012532703181703,,,,
2017-08-07,15.116254536247785,,,,
2017-08-08,12.976200523250906,,,,
2017-08-09,18.51316566798886,,,,
2017-08-10,13.689551860916534,,,,
2017-08-11,24.21997636931387,,,,
2017-08-12,21.60435479787324,,,,
2017-08-13,29.519157734829946,,,,
2017-08-14,28.330238838720568,,,,
2017-08-15,42.25757447885898,,,,
2017-08-16,35.76947421723352,,,,
2017-08-17,47.556755844375054,,,,
2017-08-18,26.66575238416744,,,,
2017-08-19,23.268841252426366,,,,
2017-08-20,23.03105747320449,,,,
2017-08-21,26.903536163389315,,,,
2017-08-22,16.542957211579036,,,,
2017-08-23,17.256308549244665,,,,
2017-08-24,15.35403831546966,,,,
2017-08-25,17.256308549244665,,,,
2017-08-26,16.067389653135287,,,,
2017-08-27,15.82960587391341,,,,
2017-08-28,19.464300784876365,,,,
2017-08-29,22.317706135538863,,,,
2017-08-30,21.842138577095113,,,,
2017-08-31,22.317706135538863,,,,
2017-09-01,18.98873322643261,,,,
2017-09-02,21.842138577095113,,,,
2017-09-03,16.067389653135287,,,,
2017-09-04,19.939868343320114,,,,
2017-09-05,21.842138577095113,,,,
2017-09-06,19.396362562241542,,,,
2017-09-07,15.82960587391341,,,,
2017-09-08,24.050130812726813,,,,
2017-09-09,18.750949447210736,,,,
2017-09-10,9.103721833066082,,,,
2017-09-11,13.213984302472783,,,,
2017-09-12,17.56203055110136,,,,
2017-09-13,16.78074099080091,,,,
2017-09-14,15.116254536247785,,,,
2017-09-15,13.92733564013841,,,,
2017-09-16,9.103721833066082,,,,
2017-09-17,12.432694742172334,,,,
2017-09-18,13.5876445269643,,,,
2017-09-19,6.79382226348215,,,,
2017-09-20,13.5876445269643,,,,
2017-09-21,13.5876445269643,,,,
2017-09-22,6.79382226348215,,,,
2017-09-23,6.79382226348215,,,,
2017-09-24,6.79382226348215,,,,
2017-09-25,13.5876445269643,,,,
2017-09-26,6.79382226348215,,,,
2017-09-27,6.79382226348215,,,,
2017-09-28,13.5876445269643,,,,
2017-09-29,6.79382226348215,,,,
2017-09-30,13.5876445269643,,,,
2017-10-01,6.79382226348215,,,,
2017-10-02,6.79382226348215,,,,
2017-10-03,6.79382226348215,,,,
2017-10-04,6.79382226348215,,,,
2017-10-05,6.79382226348215,,,,
2017-10-06,6.79382226348215,,,,
2017-10-07,13.5876445269643,,,,
2017-10-08,6.79382226348215,,,,
2017-10-09,6.79382226348215,,,,
2017-10-10,13.5876445269643,,,,
2017-10-11,13.5876445269643,,,,
2017-10-12,6.79382226348215,,,,
2017-10-13,13.5876445269643,,,,
2017-10-14,6.79382226348215,,,,
2017-10-15,6.79382226348215,,,,
2017-10-16,13.5876445269643,,,,
2017-10-17,13.5876445269643,,,,
2017-10-18,6.79382226348215,,,,
2017-10-19,13.5876445269643,,,,
2017-10-20,13.5876445269643,,,,
2017-10-21,13.5876445269643,,,,
2017-10-22,13.5876445269643,,,,
2017-10-23,6.79382226348215,,,,
2017-10-24,13.5876445269643,,,,
2017-10-25,13.5876445269643,,,,
2017-10-26,13.5876445269643,,,,
2017-10-27,6.79382226348215,,,,
2017-10-28,13.5876445269643,,,,
2017-10-29,13.5876445269643,,,,
2017-10-30,6.79382226348215,,,,
2017-10-31,13.5876445269643,,,,
2017-11-01,6.79382226348215,,,,
2017-11-02,13.5876445269643,,,,
2017-11-03,13.5876445269643,,,,
2017-11-04,6.79382226348215,,,,
2017-11-05,6.79382226348215,,,,
2017-11-06,13.5876445269643,,,,
2017-11-07,13.5876445269643,,,,
2017-11-08,20.381466790446453,,,,
2017-11-09,33.96911131741075,,,,
2017-11-10,20.381466790446453,,,,
2017-11-11,13.5876445269643,,,,
2017-11-12,20.381466790446453,,,,
2017-11-13,20.381466790446453,,,,
2017-11-14,13.5876445269643,,,,
2017-11-15,33.96911131741075,,,,
2017-11-16,40.762933580892906,,,,
2017-11-17,33.96911131741075,,,,
2017-11-18,27.1752890539286,,,,
2017-11-19,20.381466790446453,,,,
2017-11-20,40.762933580892906,,,,
2017-11-21,33.96911131741075,,,,
2017-11-22,33.96911131741075,,,,
2017-11-23,27.1752890539286,,,,
2017-11-24,27.1752890539286,,,,
2017-11-25,20.38146679044645,,,,
2017-11-26,20.381466790446453,,,,
2017-11-27,44.159844712633976,,,,
2017-11-28,98.51042282049117,,,,
2017-11-29,135.876445269643,,,,
2017-11-30,84.92277829352687,,,,
2017-12-01,71.33513376656256,,,,
2017-12-02,57.74748923959827,,,,
2017-12-03,118.89188961093762,,,,
2017-12-04,319.30964638366106,,,,
2017-12-05,394.0416912819647,,,,
2017-12-06,679.382226348215,,,,
2017-12-07,472.1706473120094,,,,
2017-12-08,373.6602244915182,,,,
2017-12-09,343.08802430584853,,,,
2017-12-10,275.14980167102703,,,,
2017-12-11,275.14980167102703,,,,
2017-12-12,377.05713562325934,,,,
2017-12-13,309.11891298843784,,,,
2017-12-14,261.5621571440628,,,,
2017-12-15,200.4177567727234,,,,
2017-12-16,176.6393788505359,,,,
2017-12-17,186.83011224575912,,,,
2017-12-18,203.8146679044645,,,,
2017-12-19,288.7374461979914,,,,
2017-12-20,264.9590682758039,,,,
2017-12-21,207.21157903620556,,,,
2017-12-22,251.37142374883956,,,,
2017-12-23,156.25791206008944,,,,
2017-12-24,132.4795341379019,,,,
2017-12-25,122.28880074267869,,,,
2017-12-26,115.49497847919655,,,,
2017-12-27,129.08262300616084,,,,
2017-12-28,122.28880074267869,,,,
2017-12-29,118.89188961093762,92,IOTA/EUR Listing on Omoku,619,0.9531502423263299
2017-12-30,118.89188961093762,,,,
2017-12-31,84.92277829352687,,,,
2018-01-01,101.90733395223225,,,,
2018-01-02,125.68571187441978,,,,
2018-01-03,129.08262300616084,,,,
2018-01-04,135.876445269643,,,,
2018-01-05,105.30424508397331,,,,
2018-01-06,81.52586716178581,,,,
2018-01-07,98.51042282049117,,,,
2018-01-08,95.1135116887501,,,,
2018-01-09,95.1135116887501,,,,
2018-01-10,88.31968942526795,,,,
2018-01-11,74.73204489830366,,,,
2018-01-12,67.9382226348215,,,,
2018-01-13,71.33513376656256,,,,
2018-01-14,64.54131150308042,,,,
2018-01-15,64.54131150308042,,,,
2018-01-16,74.73204489830366,,,,
2018-01-17,81.52586716178581,,,,
2018-01-18,67.9382226348215,2,XTangle Listing,284,0.8978873239436599
2018-01-19,50.953666976116125,,,,
2018-01-20,50.953666976116125,,,,
2018-01-21,50.953666976116125,,,,
2018-01-22,61.144400371339344,,,,
2018-01-23,61.144400371339344,,,,
2018-01-24,50.953666976116125,,,,
2018-01-25,47.55675584437505,,,,
2018-01-26,37.36602244915183,,,,
2018-01-27,33.96911131741075,,,,
2018-01-28,37.36602244915183,,,,
2018-01-29,44.159844712633976,,,,
2018-01-30,40.762933580892906,,,,
2018-01-31,33.96911131741075,,,,
2018-02-01,40.762933580892906,,,,
2018-02-02,44.159844712633976,,,,
2018-02-03,30.572200185669672,,,,
2018-02-04,23.778377922187524,,,,
2018-02-05,37.36602244915183,,,,
2018-02-06,30.572200185669672,,,,
2018-02-07,30.572200185669672,,,,
2018-02-08,27.1752890539286,,,,
2018-02-09,30.572200185669672,,,,
2018-02-10,30.572200185669676,,,,
2018-02-11,23.778377922187524,,,,
2018-02-12,30.572200185669676,,,,
2018-02-13,23.778377922187524,,,,
2018-02-14,20.381466790446453,,,,
2018-02-15,30.572200185669676,,,,
2018-02-16,27.1752890539286,,,,
2018-02-17,23.778377922187524,,,,
2018-02-18,20.381466790446453,,,,
2018-02-19,27.1752890539286,,,,
2018-02-20,27.1752890539286,,,,
2018-02-21,23.778377922187524,,,,
2018-02-22,20.381466790446453,,,,
2018-02-23,20.381466790446453,,,,
2018-02-24,20.381466790446453,,,,
2018-02-25,33.96911131741075,,,,
2018-02-26,20.381466790446453,,,,
2018-02-27,23.778377922187524,,,,
2018-02-28,20.381466790446453,,,,
2018-03-01,23.778377922187524,,,,
2018-03-02,20.381466790446453,,,,
2018-03-03,16.984555658705375,,,,
2018-03-04,13.5876445269643,,,,
2018-03-05,16.984555658705375,,,,
2018-03-06,20.38146679044645,,,,
2018-03-07,13.587644526964299,,,,
2018-03-08,20.38146679044645,,,,
2018-03-09,20.38146679044645,,,,
2018-03-10,20.38146679044645,,,,
2018-03-11,13.587644526964299,,,,
2018-03-12,13.587644526964299,,,,
2018-03-13,13.587644526964299,,,,
2018-03-14,13.587644526964299,,,,
2018-03-15,13.587644526964299,,,,
2018-03-16,13.587644526964299,,,,
2018-03-17,13.587644526964299,,,,
2018-03-18,27.175289053928598,,,,
2018-03-19,20.38146679044645,,,,
2018-03-20,27.175289053928598,,,,
2018-03-21,20.38146679044645,,,,
2018-03-22,13.587644526964299,,,,
2018-03-23,13.587644526964299,,,,
2018-03-24,20.38146679044645,,,,
2018-03-25,13.587644526964299,,,,
2018-03-26,13.587644526964299,,,,
2018-03-27,13.587644526964299,,,,
2018-03-28,13.587644526964299,,,,
2018-03-29,13.587644526964299,,,,
2018-03-30,20.38146679044645,,,,
2018-03-31,13.587644526964299,,,,
2018-04-01,13.587644526964299,,,,
2018-04-02,13.587644526964299,,,,
2018-04-03,13.587644526964299,,,,
2018-04-04,13.587644526964299,,,,
2018-04-05,13.587644526964299,,,,
2018-04-06,6.7938222634821495,,,,
2018-04-07,6.7938222634821495,,,,
2018-04-08,13.587644526964299,,,,
2018-04-09,13.587644526964299,,,,
2018-04-10,13.587644526964299,,,,
2018-04-11,13.587644526964299,,,,
2018-04-12,13.587644526964299,,,,
2018-04-13,20.38146679044645,,,,
2018-04-14,13.587644526964299,,,,
2018-04-15,27.175289053928598,,,,
2018-04-16,20.38146679044645,,,,
2018-04-17,13.587644526964299,,,,
2018-04-18,20.38146679044645,,,,
2018-04-19,13.587644526964299,,,,
2018-04-20,27.175289053928598,,,,
2018-04-21,13.587644526964299,,,,
2018-04-22,20.38146679044645,,,,
2018-04-23,20.38146679044645,,,,
2018-04-24,20.38146679044645,,,,
2018-04-25,20.38146679044645,,,,
2018-04-26,20.38146679044645,,,,
2018-04-27,20.38146679044645,,,,
2018-04-28,13.587644526964299,,,,
2018-04-29,13.587644526964299,,,,
2018-04-30,13.587644526964299,,,,
2018-05-01,13.587644526964299,3,Cobinhood Listing,150,0.93333333333333
2018-05-02,27.175289053928598,,,,
2018-05-03,33.96911131741075,,,,
2018-05-04,20.38146679044645,,,,
2018-05-05,27.175289053928598,,,,
2018-05-06,13.587644526964299,,,,
2018-05-07,13.587644526964299,,,,
2018-05-08,20.38146679044645,,,,
2018-05-09,20.38146679044645,,,,
2018-05-10,13.587644526964299,,,,
2018-05-11,13.587644526964299,,,,
2018-05-12,13.587644526964299,,,,
2018-05-13,13.11207696852055,,,,
2018-05-14,12.908262300616084,,,,
2018-05-15,13.11207696852055,,,,
2018-05-16,8.288463161448222,,,,
2018-05-17,12.806354966663854,,,,
2018-05-18,10.564393619714743,,,,
2018-05-19,10.666300953666976,,,,
2018-05-20,11.3796522913326,,,,
2018-05-21,7.473204489830366,,,,
2018-05-22,12.194910962950459,,,,
2018-05-23,13.315891636425015,,,,
2018-05-24,11.685374293189298,,,,
2018-05-25,10.666300953666976,,,,
2018-05-26,8.18655582749599,,,,
2018-05-27,5.740779812642417,,,,
2018-05-28,11.3796522913326,,,,
2018-05-29,11.481559625284834,,,,
2018-05-30,12.908262300616084,,,,
2018-05-31,17.324246771879483,,,,
2018-06-01,16.984555658705375,,,,
2018-06-02,18.241412777449575,,,,
2018-06-03,20.177652122541986,,,,
2018-06-04,12.70444763271162,,,,
2018-06-05,13.417798970377245,,,,
2018-06-06,8.492277829352687,,,,
2018-06-07,7.778926491687061,7,Bitpanda Listing,71,0.85915492957746
2018-06-08,11.277744957380369,,,,
2018-06-09,6.861760486116971,,,,
2018-06-10,6.861760486116971,,,,
2018-06-11,11.685374293189298,,,,
2018-06-12,12.398725630854923,,,,
2018-06-13,10.972022955523672,,,,
2018-06-14,11.78728162714153,,,,
2018-06-15,6.35222381635581,,,,
2018-06-16,9.749134948096884,,,,
2018-06-17,7.371297155878133,,,,
2018-06-18,12.296818296902691,,,,
2018-06-19,11.583466959237064,,,,
2018-06-20,7.473204489830366,,,,
2018-06-21,7.2693898219259,,,,
2018-06-22,11.685374293189298,,,,
2018-06-23,6.861760486116971,,,,
2018-06-24,7.167482487973668,,,,
2018-06-25,7.473204489830366,,,,
2018-06-26,10.666300953666976,,,,
2018-06-27,10.564393619714743,,,,
2018-06-28,11.3796522913326,,,,
2018-06-29,6.250316482403578,,,,
2018-06-30,11.3796522913326,,,,
2018-07-01,9.647227614144652,,,,
2018-07-02,9.205629167018314,,,,
2018-07-03,10.054856949953582,,,,
2018-07-04,13.010169634568317,,,,
2018-07-05,6.556038484260275,,,,
2018-07-06,11.277744957380369,,,,
2018-07-07,6.963667820069204,,,,
2018-07-08,6.250316482403578,,,,
2018-07-09,10.87011562157144,,,,
2018-07-10,7.065575154021436,,,,
2018-07-11,5.944594480546881,,,,
2018-07-12,10.360578951810279,,,,
2018-07-13,7.065575154021436,,,,
2018-07-14,6.250316482403578,,,,
2018-07-15,6.250316482403578,,,,
2018-07-16,6.556038484260275,,,,
2018-07-17,11.78728162714153,,,,
2018-07-18,12.296818296902691,,,,
2018-07-19,5.944594480546881,,,,
2018-07-20,6.35222381635581,,,,
2018-07-21,5.333150476833488,,,,
2018-07-22,11.277744957380369,,,,
2018-07-23,9.10372183306608,,,,
2018-07-24,7.9827411595915265,,,,
2018-07-25,7.778926491687061,,,,
2018-07-26,7.167482487973668,,,,
2018-07-27,5.43505781078572,,,,
2018-07-28,6.046501814499113,,,,
2018-07-29,2.6495906827580384,,,,
2018-07-30,6.556038484260275,,,,
2018-07-31,7.065575154021436,,,,
2018-08-01,4.823613807072326,,,,
2018-08-02,6.1484091484513455,,,,
2018-08-03,12.194910962950459,,,,
2018-08-04,6.250316482403578,,,,
2018-08-05,5.231243142881255,,,,
2018-08-06,5.231243142881255,,,,
2018-08-07,11.277744957380369,,,,
2018-08-08,13.010169634568317,,,,
2018-08-09,11.175837623428137,,,,
2018-08-10,12.398725630854923,,,,
2018-08-11,11.277744957380369,,,,
2018-08-12,7.473204489830366,,,,
2018-08-13,11.991096295045995,,,,
2018-08-14,11.685374293189298,,,,
2018-08-15,11.481559625284834,,,,
2018-08-16,11.073930289475904,,,,
2018-08-17,10.87011562157144,,,,
2018-08-18,5.333150476833488,,,,
2018-08-19,10.87011562157144,,,,
2018-08-20,10.972022955523672,,,,
2018-08-21,10.564393619714743,,,,
2018-08-22,7.133513376656258,,,,
2018-08-23,8.764030719891974,,,,
2018-08-24,7.3373280445607225,,,,
2018-08-25,5.706810701325006,,,,
2018-08-26,6.3182547050384,,,,
2018-08-27,9.783104059414296,,,,
2018-08-28,14.878470757025909,,,,
2018-08-29,12.025065406363407,,,,
2018-08-30,7.744957380369652,,,,
2018-08-31,7.744957380369652,,,,
2018-09-01,6.725884040847329,,,,
2018-09-02,5.299181365516077,,,,
2018-09-03,6.929698708751793,,,,
2018-09-04,7.133513376656258,,,,
2018-09-05,9.579289391509832,,,,
2018-09-06,7.3373280445607225,,,,
2018-09-07,8.967845387796439,,,,
2018-09-08,6.929698708751793,,,,
2018-09-09,6.929698708751793,,,,
2018-09-10,6.3182547050384,,,,
2018-09-11,5.706810701325006,,,,
2018-09-12,6.114440037133935,,,,
2018-09-13,7.3373280445607225,,,,
2018-09-14,3.6686640222803613,,,,
2018-09-15,3.0572200185669676,,,,
2018-09-16,5.910625369229471,,,,
2018-09-17,5.910625369229471,,,,
2018-09-18,6.114440037133935,,,,
2018-09-19,7.3373280445607225,,,,
2018-09-20,7.133513376656258,,,,
2018-09-21,5.910625369229471,,,,
2018-09-22,5.299181365516077,,,,
2018-09-23,7.3373280445607225,,,,
2018-09-24,8.15258671617858,,,,
2018-09-25,4.687737361802684,,,,
2018-09-26,5.706810701325006,,,,
2018-09-27,3.4648493543758967,,,,
2018-09-28,6.3182547050384,,,,
2018-09-29,4.07629335808929,,,,
2018-09-30,5.502996033420541,,,,
2018-10-01,4.687737361802684,,,,
2018-10-02,5.706810701325006,,,,
2018-10-03,6.522069372942864,,,,
2018-10-04,5.095366697611612,,,,
2018-10-05,5.910625369229471,,,,
2018-10-06,3.261034686471432,,,,
2018-10-07,2.445776014853574,,,,
2018-10-08,6.114440037133935,,,,
2018-10-09,6.114440037133935,,,,
2018-10-10,7.541142712465187,,,,
2018-10-11,6.929698708751793,,,,
2018-10-12,5.910625369229471,,,,
2018-10-13,2.2419613469491098,,,,
2018-10-14,4.4839226938982195,,,,
2018-10-15,3.872478690184826,,,,
2018-10-16,7.3373280445607225,,,,
2018-10-17,5.502996033420541,,,,
2018-10-18,3.261034686471432,,,,
2018-10-19,4.687737361802684,,,,
2018-10-20,2.2419613469491098,,,,
2018-10-21,4.891552029707148,,,,
2018-10-22,5.095366697611612,,,,
2018-10-23,4.07629335808929,,,,
2018-10-24,3.872478690184826,15,Biztranex Listing,219,0.87214611872146
2018-10-25,5.502996033420541,,,,
2018-10-26,5.095366697611612,,,,
2018-10-27,5.095366697611612,,,,
2018-10-28,3.6686640222803613,,,,
2018-10-29,4.683306608152586,,,,
2018-10-30,5.042197653810447,,,,
2018-10-31,4.173769938391425,,,,
2018-11-01,5.2371508144147185,,,,
2018-11-02,8.449447210735084,,,,
2018-11-03,7.235420710608491,,,,
2018-11-04,5.507426787070639,,,,
2018-11-05,6.074563254283062,,,,
2018-11-06,6.6616381129209215,,,,
2018-11-07,5.859671702253355,,,,
2018-11-08,5.32576588741666,,,,
2018-11-09,6.639484344670436,,,,
2018-11-10,4.523799476749092,,,,
2018-11-11,4.297831040594144,,,,
2018-11-12,5.3169043801164655,,,,
2018-11-13,4.523799476749092,,,,
2018-11-14,6.220778124736264,,,,
2018-11-15,8.686492531015276,,,,
2018-11-16,5.226073930289475,,,,
2018-11-17,6.686007257996455,,,,
2018-11-18,5.2371508144147185,,,,
2018-11-19,7.454743016288294,,,,
2018-11-20,8.925753228120517,,,,
2018-11-21,8.766246096717023,,,,
2018-11-22,4.537091737699384,,,,
2018-11-23,4.003185922862689,,,,
2018-11-24,5.090935943961515,,,,
2018-11-25,4.636783694826567,,,,
2018-11-26,5.011182378259768,,,,
2018-11-27,8.234555658705375,,,,
2018-11-28,5.179551016963456,,,,
2018-11-29,6.763545446873154,,,,
2018-11-30,4.763060173854333,,,,
2018-12-01,5.05548991476074,,,,
2018-12-02,3.584479702928517,,,,
2018-12-03,4.2867541564689,,,,
2018-12-04,4.275677272343658,,,,
2018-12-05,5.044413030635496,,,,
2018-12-06,4.355430838045404,,,,
2018-12-07,5.79099502067685,,,,
2018-12-08,3.879124820659971,,,,
2018-12-09,5.418811714068697,,,,
2018-12-10,7.52120432103975,,,,
2018-12-11,3.201219512195122,,,,
2018-12-12,4.774137057979576,,,,
2018-12-13,4.771921681154527,,,,
2018-12-14,4.964659464933749,,,,
2018-12-15,5.1906279010887,,,,
2018-12-16,6.6616381129209215,,,,
2018-12-17,4.829521478605789,,,,
2018-12-18,7.38606633471179,,,,
2018-12-19,6.446746560891214,,,,
2018-12-20,6.989513883028103,,,,
2018-12-21,9.975841843193518,,,,
2018-12-22,4.173769938391425,,,,
2018-12-23,7.499050552789265,,,,
2018-12-24,6.6616381129209215,,,,
2018-12-25,5.1020128280867585,,,,
2018-12-26,7.113574985230821,,,,
2018-12-27,7.882310743522661,,,,
2018-12-28,8.449447210735084,,,,
2018-12-29,5.361211916617435,,,,
2018-12-30,3.7218330660815258,,,,
2018-12-31,6.0169634568318,,,,
2019-01-01,4.049708836188708,,,,
2019-01-02,5.824225673052577,,,,
2019-01-03,5.722318339100346,,,,
2019-01-04,6.355916111064225,,,,
2019-01-05,4.581399274200354,,,,
2019-01-06,5.305827495991222,,,,
2019-01-07,6.141024559034517,,,,
2019-01-08,8.154802093003628,,,,
2019-01-09,6.763545446873154,,,,
2019-01-10,6.708161026246941,,,,
2019-01-11,4.60355304245084,,,,
2019-01-12,4.4551227951725885,,,,
2019-01-13,3.903493965735505,,,,
2019-01-14,6.072347877458013,,,,
2019-01-15,5.485273018820154,,,,
2019-01-16,5.906194615579373,,,,
2019-01-17,3.7218330660815258,,,,
2019-01-18,3.7550637184572535,,,,
2019-01-19,4.512722592623851,,,,
2019-01-20,7.000590767153346,,,,
2019-01-21,5.8818254705038395,,,,
2019-01-22,5.700164570849861,,,,
2019-01-23,2.895497510338425,,,,
2019-01-24,5.248227698539961,,,,
2019-01-25,4.989028610009283,,,,
2019-01-26,3.8348172841590005,,,,
2019-01-27,5.3169043801164655,,,,
2019-01-28,3.280973077896869,,,,
2019-01-29,3.5069415140518188,,,,
2019-01-30,1.911870200016879,,,,
2019-01-31,2.2175922018735754,,,,
2019-02-01,2.2508228542493036,,,,
2019-02-02,1.0966115283990208,,,,
2019-02-03,2.3859608405772637,,,,
2019-02-04,2.7825132922609503,,,,
2019-02-05,2.7271288716347373,,,,
2019-02-06,2.6584521900582327,,,,
2019-02-07,2.259684361549498,,,,
2019-02-08,2.033715925394548,,,,
2019-02-09,3.3895265423242464,,,,
2019-02-10,1.8077474892395982,,,,
2019-02-11,3.1635581061692966,,,,
2019-02-12,3.3895265423242464,,,,
2019-02-13,2.4856527977044474,,,,
2019-02-14,1.5817790530846483,,,,
2019-02-15,2.259684361549498,,,,
2019-02-16,2.937589670014347,,,,
2019-02-17,3.3895265423242464,,,,
2019-02-18,3.841463414634146,,,,
2019-02-19,3.6154949784791963,,,,
2019-02-20,2.4856527977044474,,,,
2019-02-21,3.1635581061692966,,,,
2019-02-22,2.937589670014347,,,,
2019-02-23,3.3895265423242464,,,,
2019-02-24,3.1635581061692966,,,,
2019-02-25,1.5817790530846483,,,,
2019-02-26,2.937589670014347,,,,
2019-02-27,1.8077474892395982,,,,
2019-02-28,3.1635581061692966,,,,
2019-03-01,2.259684361549498,,,,
2019-03-02,0.45193687230989954,,,,
2019-03-03,1.5817790530846483,,,,
2019-03-04,1.5817790530846483,,,,
2019-03-05,1.5817790530846483,,,,
2019-03-06,2.259684361549498,,,,
2019-03-07,2.7116212338593972,,,,
2019-03-08,2.7116212338593972,,,,
2019-03-09,1.8077474892395982,,,,
2019-03-10,2.937589670014347,,,,
2019-03-11,2.259684361549498,,,,
2019-03-12,3.841463414634146,,,,
2019-03-13,3.6154949784791963,,,,
2019-03-14,4.2934002869440455,,,,
2019-03-15,3.6154949784791963,,,,
2019-03-16,2.7116212338593972,,,,
2019-03-17,4.519368723098996,,,,
2019-03-18,2.7116212338593972,,,,
2019-03-19,2.7116212338593972,,,,
2019-03-20,2.033715925394548,,,,
2019-03-21,2.033715925394548,,,,
2019-03-22,4.067431850789096,,,,
2019-03-23,1.8077474892395982,,,,
2019-03-24,2.4856527977044474,,,,
2019-03-25,2.937589670014347,,,,
2019-03-26,2.937589670014347,,,,
2019-03-27,2.7116212338593972,,,,
2019-03-28,2.033715925394548,,,,
2019-03-29,3.3895265423242464,,,,
2019-03-30,4.519368723098996,,,,
2019-03-31,2.259684361549498,,,,
2019-04-01,5.875179340028694,,,,
2019-04-02,10.620516499282639,,,,
2019-04-03,7.005021520803443,,,,
2019-04-04,8.36083213773314,,,,
2019-04-05,2.7116212338593972,,,,
2019-04-06,4.519368723098996,,,,
2019-04-07,7.005021520803443,,,,
2019-04-08,4.519368723098996,,,,
2019-04-09,6.101147776183644,,,,
2019-04-10,4.971305595408895,,,,
2019-04-11,4.067431850789096,,,,
2019-04-12,4.519368723098996,,,,
2019-04-13,6.779053084648493,,,,
2019-04-14,2.7116212338593972,,,,
2019-04-15,4.745337159253945,,,,
2019-04-16,5.762195121951219,,,,
2019-04-17,4.632352941176471,,,,
2019-04-18,3.954447632711621,,,,
2019-04-19,5.08428981348637,,,,
2019-04-20,3.6154949784791963,,,,
2019-04-21,3.728479196556671,,,,
2019-04-22,6.666068866571019,,,,
2019-04-23,6.327116212338593,,,,
2019-04-24,4.18041606886657,,,,
2019-04-25,3.502510760401721,,,,
2019-04-26,5.649210903873744,,,,
2019-04-27,5.08428981348637,,,,
2019-04-28,5.53622668579627,,,,
2019-04-29,18.416427546628405,,,,
2019-04-30,6.553084648493543,,,,
2019-05-01,3.050573888091822,,,,
2019-05-02,6.666068866571019,,,,
2019-05-03,7.005021520803442,,,,
2019-05-04,5.536226685796269,,,,
2019-05-05,4.2934002869440455,,,,
2019-05-06,4.067431850789095,,,,
2019-05-07,6.666068866571019,,,,
2019-05-08,5.53622668579627,,,,
2019-05-09,8.021879483500717,,,,
2019-05-10,6.779053084648493,,,,
2019-05-11,8.021879483500717,,,,
2019-05-12,5.310258249641319,,,,
2019-05-13,9.264705882352942,,,,
2019-05-14,11.185437589670013,,,,
2019-05-15,13.219153515064562,,,,
2019-05-16,14.913916786226684,,,,
2019-05-17,4.406384505021521,,,,
2019-05-18,3.728479196556671,,,,
2019-05-19,4.067431850789096,,,,
2019-05-20,8.586800573888091,,,,
2019-05-21,9.151721664275467,,,,
2019-05-22,7.005021520803442,,,,
2019-05-23,6.440100430416068,,,,
2019-05-24,6.666068866571019,,,,
2019-05-25,6.553084648493543,,,,
2019-05-26,5.197274031563845,,,,
2019-05-27,10.16857962697274,,,,
2019-05-28,12.089311334289812,,,,
2019-05-29,22.596843615494976,,,,
2019-05-30,10.16857962697274,,,,
2019-05-31,7.343974175035868,,,,
2019-06-01,7.6829268292682915,,,,
2019-06-02,6.779053084648494,,,,
2019-06-03,8.699784791965566,,,,
2019-06-04,7.1180057388809175,,,,
2019-06-05,5.988163558106169,,,,
2019-06-06,7.005021520803442,,,,
2019-06-07,5.4232424677187945,,,,
2019-06-08,4.632352941176471,,,,
2019-06-09,3.3895265423242464,,,,
2019-06-10,5.649210903873744,,,,
2019-06-11,5.4232424677187945,,,,
2019-06-12,4.8583213773314196,,,,
2019-06-13,3.1635581061692966,,,,
2019-06-14,5.649210903873744,,,,
2019-06-15,3.841463414634146,,,,
2019-06-16,7.682926829268292,,,,
2019-06-17,9.151721664275467,,,,
2019-06-18,6.779053084648493,,,,
2019-06-19,7.1180057388809175,,,,
2019-06-20,5.9881635581061685,,,,
2019-06-21,7.1180057388809175,,,,
2019-06-22,10.62051649928264,,,,
2019-06-23,8.812769010043041,,,,
2019-06-24,8.247847919655666,,,,
2019-06-25,6.327116212338593,,,,
2019-06-26,10.62051649928264,,,,
2019-06-27,9.26470588235294,,,,
2019-06-28,5.988163558106169,,,,
2019-06-29,4.2934002869440455,,,,
2019-06-30,6.779053084648493,,,,
2019-07-01,5.649210903873744,,,,
2019-07-02,7.230989956958393,,,,
2019-07-03,6.440100430416068,,,,
2019-07-04,5.988163558106169,,,,
2019-07-05,5.875179340028694,,,,
2019-07-06,2.7116212338593972,,,,
2019-07-07,3.163558106169297,,,,
2019-07-08,6.214131994261118,,,,
2019-07-09,5.08428981348637,,,,
2019-07-10,4.8583213773314196,,,,
2019-07-11,5.197274031563845,,,,
2019-07-12,4.18041606886657,,,,
2019-07-13,5.31025824964132,,,,
2019-07-14,4.745337159253945,,,,
2019-07-15,4.18041606886657,,,,
2019-07-16,5.649210903873744,,,,
2019-07-17,4.2934002869440455,,,,
2019-07-18,4.745337159253945,,,,
2019-07-19,3.3895265423242464,,,,
2019-07-20,4.971305595408895,,,,
2019-07-21,4.85832137733142,,,,
2019-07-22,4.519368723098996,,,,
2019-07-23,5.310258249641319,,,,
2019-07-24,3.6154949784791963,,,,
2019-07-25,3.502510760401721,,,,
2019-07-26,5.649210903873744,,,,
2019-07-27,5.4232424677187945,,,,
2019-07-28,3.841463414634146,,,,
2019-07-29,2.259684361549498,,,,
2019-07-30,2.7116212338593972,,,,
2019-07-31,3.3895265423242464,,,,
2019-08-01,4.745337159253945,,,,
2019-08-02,6.101147776183644,,,,
2019-08-03,4.971305595408895,,,,
2019-08-04,5.875179340028694,,,,
2019-08-05,4.067431850789096,,,,
2019-08-06,4.971305595408895,,,,
2019-08-07,5.649210903873744,,,,
2019-08-08,4.067431850789096,,,,
2019-08-09,4.745337159253945,,,,
2019-08-10,3.1635581061692966,,,,
2019-08-11,3.841463414634146,,,,
2019-08-12,3.3895265423242464,,,,
2019-08-13,6.101147776183644,,,,
2019-08-14,4.971305595408895,,,,
2019-08-15,4.519368723098996,,,,
2019-08-16,3.841463414634146,,,,
2019-08-17,4.067431850789096,,,,
2019-08-18,3.841463414634146,,,,
2019-08-19,5.197274031563845,,,,
2019-08-20,3.841463414634146,,,,
2019-08-21,2.259684361549498,,,,
2019-08-22,4.971305595408895,,,,
2019-08-23,5.4232424677187945,,,,
2019-08-24,3.841463414634146,,,,
2019-08-25,5.197274031563845,,,,
2019-08-26,7.005021520803443,,,,
2019-08-27,3.841463414634146,,,,
2019-08-28,4.745337159253945,,,,
2019-08-29,5.649210903873744,,,,
2019-08-30,4.2934002869440455,,,,
2019-08-31,2.259684361549498,,,,
2019-09-01,3.6154949784791963,,,,
2019-09-02,2.4856527977044474,,,,
2019-09-03,4.971305595408895,,,,
2019-09-04,4.519368723098996,,,,
2019-09-05,4.519368723098996,,,,
2019-09-06,3.6154949784791963,,,,
2019-09-07,3.6154949784791963,,,,
2019-09-08,4.2934002869440455,,,,
2019-09-09,4.2934002869440455,,,,
2019-09-10,3.3895265423242464,,,,
2019-09-11,4.971305595408895,,,,
2019-09-12,3.6154949784791963,,,,
2019-09-13,3.6154949784791963,,,,
2019-09-14,2.4856527977044474,,,,
2019-09-15,4.2934002869440455,,,,
2019-09-16,3.1635581061692966,,,,
2019-09-17,5.875179340028694,,,,
2019-09-18,8.134863701578192,,,,
2019-09-19,5.875179340028694,,,,
2019-09-20,4.2934002869440455,,,,
2019-09-21,4.745337159253945,,,,
2019-09-22,5.197274031563845,,,,
2019-09-23,4.971305595408895,,,,
2019-09-24,5.197274031563845,,,,
2019-09-25,5.4232424677187945,,,,
2019-09-26,5.4232424677187945,,,,
2019-09-27,3.1635581061692966,,,,
2019-09-28,4.2934002869440455,,,,
2019-09-29,3.1635581061692966,,,,
2019-09-30,3.1635581061692966,,,,
2019-10-01,4.067431850789096,,,,
2019-10-02,4.796987087517934,,,,
2019-10-03,4.235294117647059,,,,
2019-10-04,3.676829268292683,,,,
2019-10-05,3.4476327116212335,,,,
2019-10-06,4.125538020086084,,,,
2019-10-07,3.5703012912482066,,,,
2019-10-08,6.126972740315638,,,,
2019-10-09,5.445839311334289,,,,
2019-10-10,2.6664275466284075,,,,
2019-10-11,4.341822094691535,,,,
2019-10-12,4.554878048780488,,,,
2019-10-13,3.4573170731707314,,,,
2019-10-14,6.010760401721664,,,,
2019-10-15,4.235294117647059,,,,
2019-10-16,3.793041606886657,,,,
2019-10-17,4.23206599713056,,,,
2019-10-18,2.8956241032998564,,,,
2019-10-19,3.5735294117647056,,,,
2019-10-20,4.354734576757532,,,,
2019-10-21,4.687230989956959,,,,
2019-10-22,5.239239598278335,,,,
2019-10-23,3.793041606886657,1,Indodax Listing,4,0.75
2019-10-24,4.219153515064562,,,,
2019-10-25,3.673601147776184,,,,
2019-10-26,4.571018651362984,,,,
2019-10-27,4.115853658536586,,,,
2019-10-28,6.904949784791965,,,,
2019-10-29,5.562051649928264,,,,
2019-10-30,5.5652797704447625,,,,
2019-10-31,4.787302725968436,,,,
2019-11-01,3.9027977044476323,,,,
2019-11-02,3.3314203730272594,,,,
2019-11-03,3.231348637015782,,,,
2019-11-04,3.670373027259684,,,,
2019-11-05,3.4540889526542324,,,,
2019-11-06,2.8923959827833574,,,,
2019-11-07,2.5631276901004303,,,,
2019-11-08,3.4573170731707314,,,,
2019-11-09,3.670373027259684,,,,
2019-11-10,3.906025824964132,,,,
2019-11-11,3.686513629842181,,,,
2019-11-12,4.458034433285509,,,,
2019-11-13,3.4573170731707314,,,,
2019-11-14,2.111190817790531,,,,
2019-11-15,5.022955523672884,,,,
2019-11-16,3.118364418938307,,,,
2019-11-17,2.459827833572453,,,,
2019-11-18,5.452295552367288,,,,
2019-11-19,2.902080344332855,,,,
2019-11-20,4.0125538020086085,,,,
2019-11-21,5.242467718794835,,,,
2019-11-22,4.800215208034433,,,,
2019-11-23,3.906025824964132,,,,
2019-11-24,5.675035868005739,,,,
2019-11-25,4.332137733142037,,,,
2019-11-26,4.45480631276901,,,,
2019-11-27,3.8091822094691534,,,,
2019-11-28,3.3411047345767573,,,,
2019-11-29,3.1280487804878048,,,,
2019-11-30,2.3339311334289814,,,,
2019-12-01,4.571018651362984,,,,
2019-12-02,3.24103299856528,,,,
2019-12-03,5.771879483500717,,,,
2019-12-04,4.800215208034433,,,,
2019-12-05,5.791248206599713,,,,
2019-12-06,3.673601147776184,,,,
2019-12-07,2.459827833572453,,,,
2019-12-08,4.780846484935438,,,,
2019-12-09,4.554878048780488,,,,
2019-12-10,3.4476327116212335,,,,
2019-12-11,4.122309899569584,,,,
2019-12-12,3.5638450502152077,,,,
2019-12-13,3.663916786226686,,,,
2019-12-14,3.4573170731707314,,,,
2019-12-15,3.437948350071736,,,,
2019-12-16,3.231348637015782,,,,
2019-12-17,4.909971305595409,,,,
2019-12-18,4.5742467718794835,,,,
2019-12-19,4.790530846484935,,,,
2019-12-20,4.461262553802008,,,,
2019-12-21,2.227403156384505,,,,
2019-12-22,3.008608321377331,,,,
2019-12-23,4.009325681492109,,,,
2019-12-24,3.893113342898135,,,,
2019-12-25,4.131994261119082,,,,
2019-12-26,5.587876614060258,,,,
2019-12-27,3.4444045911047345,,,,
2019-12-28,3.6832855093256813,,,,
2019-12-29,5.126255380200861,,,,
2019-12-30,6.327116212338593,,,,
2019-12-31,2.7955523672883786,,,,
2020-01-01,4.784074605451937,,,,
2020-01-02,4.671090387374462,,,,
2020-01-03,4.131994261119082,,,,
2020-01-04,2.7761836441893832,,,,
2020-01-05,5.119799139167862,,,,
2020-01-06,7.134146341463414,,,,
2020-01-07,6.023672883787661,,,,
2020-01-08,3.793041606886657,,,,
2020-01-09,3.460545193687231,,,,
2020-01-10,4.777618364418938,,,,
2020-01-11,3.292682926829268,,,,
2020-01-12,4.609756097560975,,,,
2020-01-13,4.390243902439025,,,,
2020-01-14,6.146341463414634,,,,
2020-01-15,4.829268292682927,,,,
2020-01-16,5.926829268292683,,,,
2020-01-17,9.21951219512195,,,,
2020-01-18,8.341463414634147,,,,
2020-01-19,6.146341463414634,,,,
2020-01-20,5.926829268292683,,,,
2020-01-21,6.146341463414634,,,,
2020-01-22,6.146341463414634,,,,
2020-01-23,4.609756097560975,,,,
2020-01-24,4.170731707317073,,,,
2020-01-25,3.292682926829268,,,,
2020-01-26,6.365853658536586,,,,
2020-01-27,2.8536585365853657,,,,
2020-01-28,8.341463414634147,,,,
2020-01-29,10.75609756097561,,,,
2020-01-30,8.560975609756097,,,,
2020-01-31,9.21951219512195,,,,
2020-02-01,7.024390243902439,,,,
2020-02-02,10.097560975609756,,,,
2020-02-03,21.951219512195124,,,,
2020-02-04,9.439024390243903,,,,
2020-02-05,9.21951219512195,,,,
2020-02-06,5.487804878048781,,,,
2020-02-07,7.902439024390244,,,,
2020-02-08,6.146341463414634,,,,
2020-02-09,6.585365853658536,,,,
2020-02-10,7.902439024390244,,,,
2020-02-11,9.0,,,,
2020-02-12,10.536585365853659,,,,
2020-02-13,12.292682926829269,,,,
2020-02-14,13.609756097560975,,,,
2020-02-15,10.975609756097562,,,,
2020-02-16,7.024390243902439,,,,
2020-02-17,9.878048780487806,,,,
2020-02-18,7.902439024390244,,,,
2020-02-19,4.829268292682927,,,,
2020-02-20,4.609756097560975,,,,
2020-02-21,8.560975609756097,,,,
2020-02-22,6.365853658536586,,,,
2020-02-23,4.170731707317073,,,,
2020-02-24,7.024390243902439,,,,
2020-02-25,5.048780487804878,,,,
2020-02-26,3.073170731707317,,,,
2020-02-27,7.2439024390243905,,,,
2020-02-28,3.5121951219512195,,,,
2020-02-29,5.048780487804878,,,,
2020-03-01,4.390243902439025,,,,
2020-03-02,5.487804878048781,,,,
2020-03-03,3.5121951219512195,,,,
2020-03-04,4.390243902439025,,,,
2020-03-05,5.048780487804878,,,,
2020-03-06,4.170731707317073,,,,
2020-03-07,5.487804878048781,,,,
2020-03-08,3.5121951219512195,,,,
2020-03-09,7.024390243902439,,,,
2020-03-10,6.365853658536586,,,,
2020-03-11,4.609756097560975,,,,
2020-03-12,4.609756097560975,,,,
2020-03-13,6.365853658536586,,,,
2020-03-14,5.048780487804878,,,,
2020-03-15,5.2682926829268295,,,,
2020-03-16,4.609756097560975,,,,
2020-03-17,3.073170731707317,,,,
2020-03-18,5.487804878048781,,,,
2020-03-19,4.804878048780488,,,,
2020-03-20,5.304878048780488,,,,
2020-03-21,4.085365853658537,,,,
2020-03-22,4.914634146341463,,,,
2020-03-23,7.2439024390243905,,,,
2020-03-24,5.7926829268292686,,,,
2020-03-25,4.365853658536586,,,,
2020-03-26,5.134146341463415,,,,
2020-03-27,3.0365853658536586,,,,
2020-03-28,4.695121951219512,,,,
2020-03-29,2.3170731707317076,,,,
2020-03-30,4.536585365853659,,,,
2020-03-31,5.682926829268293,,,,
2020-04-01,3.2560975609756095,,,,
2020-04-02,3.0853658536585367,,,,
2020-04-03,2.6463414634146343,,,,
2020-04-04,3.475609756097561,,,,
2020-04-05,4.634146341463415,,,,
2020-04-06,4.475609756097561,,,,
2020-04-07,5.475609756097561,,,,
2020-04-08,3.2560975609756095,,,,
2020-04-09,3.6951219512195124,,,,
2020-04-10,4.036585365853659,,,,
2020-04-11,4.7560975609756095,,,,
2020-04-12,3.7560975609756095,,,,
2020-04-13,3.975609756097561,,,,
2020-04-14,3.7073170731707314,,,,
2020-04-15,3.2073170731707314,,,,
2020-04-16,3.2560975609756095,,,,
2020-04-17,4.865853658536586,,,,
2020-04-18,5.085365853658537,,,,
2020-04-19,4.695121951219512,,,,
2020-04-20,4.365853658536586,,,,
2020-04-21,3.5365853658536586,,,,
2020-04-22,3.1463414634146343,,,,
2020-04-23,3.7560975609756095,,,,
2020-04-24,4.695121951219512,,,,
2020-04-25,4.475609756097561,,,,
2020-04-26,7.2926829268292686,,,,
2020-04-27,3.8658536585365857,,,,
2020-04-28,6.512195121951219,,,,
2020-04-29,6.134146341463415,,,,
2020-04-30,4.365853658536586,,,,
2020-05-01,5.524390243902439,,,,
2020-05-02,5.804878048780488,,,,
2020-05-03,5.024390243902439,,,,
2020-05-04,3.5853658536585367,,,,
2020-05-05,5.914634146341463,,,,
2020-05-06,3.975609756097561,,,,
2020-05-07,5.195121951219512,,,,
2020-05-08,5.085365853658537,,,,
2020-05-09,8.012195121951219,,,,
2020-05-10,5.7926829268292686,,,,
2020-05-11,4.195121951219512,,,,
2020-05-12,5.2439024390243905,,,,
2020-05-13,6.914634146341463,,,,
2020-05-14,7.134146341463415,,,,
2020-05-15,6.353658536585366,,,,
2020-05-16,3.975609756097561,,,,
2020-05-17,4.585365853658537,,,,
2020-05-18,5.804878048780488,,,,
2020-05-19,4.195121951219512,,,,
2020-05-20,5.2439024390243905,,,,
2020-05-21,4.865853658536586,,,,
2020-05-22,3.5853658536585367,,,,
2020-05-23,4.146341463414634,,,,
2020-05-24,4.475609756097561,,,,
2020-05-25,3.5365853658536586,,,,
2020-05-26,6.2439024390243905,,,,
2020-05-27,4.475609756097561,,,,
2020-05-28,5.463414634146341,,,,
2020-05-29,5.304878048780488,,,,
2020-05-30,5.353658536585366,,,,
2020-05-31,9.0,,,,
2020-06-01,5.634146341463415,,,,
2020-06-02,6.402439024390244,,,,
2020-06-03,7.182926829268293,,,,
2020-06-04,6.304878048780488,,,,
2020-06-05,4.036585365853659,,,,
2020-06-06,5.414634146341463,,,,
2020-06-07,4.475609756097561,,,,
2020-06-08,8.121951219512194,,,,
2020-06-09,6.121951219512195,,,,
2020-06-10,5.7439024390243905,,,,
2020-06-11,5.304878048780488,,,,
2020-06-12,3.2073170731707314,,,,
2020-06-13,6.2926829268292686,,,,
2020-06-14,5.024390243902439,,,,
2020-06-15,5.573170731707317,,,,
2020-06-16,5.146341463414634,,,,
2020-06-17,4.317073170731708,,,,
2020-06-18,2.7560975609756095,,,,
2020-06-19,4.475609756097561,,,,
2020-06-20,3.097560975609756,,,,
2020-06-21,4.475609756097561,,,,
2020-06-22,5.695121951219512,,,,
2020-06-23,6.7439024390243905,,,,
2020-06-24,3.426829268292683,,,,
2020-06-25,4.585365853658537,,,,
2020-06-26,3.8170731707317076,,,,
2020-06-27,2.7073170731707314,,,,
2020-06-28,2.0,,,,
2020-06-29,6.0,,,,
2020-06-30,7.0,,,,
2020-07-01,8.0,,,,
2020-07-02,4.0,,,,
2020-07-03,6.0,,,,
2020-07-04,4.0,,,,
2020-07-05,7.0,,,,
2020-07-06,5.0,,,,
2020-07-07,7.0,,,,
2020-07-08,5.0,,,,
2020-07-09,8.0,,,,
2020-07-10,7.0,,,,
2020-07-11,6.0,,,,
2020-07-12,8.0,,,,
2020-07-13,8.0,,,,
2020-07-14,5.0,,,,
2020-07-15,9.0,,,,
2020-07-16,6.0,,,,
2020-07-17,3.0,,,,
2020-07-18,3.0,,,,
2020-07-19,3.0,,,,
2020-07-20,7.0,,,,
2020-07-21,11.0,,,,
2020-07-22,6.0,,,,
2020-07-23,6.0,,,,
2020-07-24,5.0,,,,
2020-07-25,7.0,,,,
2020-07-26,7.0,,,,
2020-07-27,8.0,,,,
2020-07-28,5.0,,,,
2020-07-29,8.0,,,,
2020-07-30,10.0,,,,
2020-07-31,4.0,,,,
2020-08-01,7.0,,,,
2020-08-02,9.0,,,,
2020-08-03,5.0,,,,
2020-08-04,5.0,,,,
2020-08-05,7.0,,,,
2020-08-06,8.0,,,,
2020-08-07,7.0,,,,
2020-08-08,4.0,,,,
2020-08-09,6.0,,,,
2020-08-10,11.0,,,,
2020-08-11,11.0,,,,
2020-08-12,9.0,,,,
2020-08-13,8.0,,,,
2020-08-14,6.0,,,,
2020-08-15,11.0,,,,
2020-08-16,8.0,,,,
2020-08-17,9.0,,,,
2020-08-18,10.0,,,,
2020-08-19,5.0,,,,
2020-08-20,9.0,,,,
2020-08-21,9.0,,,,
2020-08-22,6.0,,,,
2020-08-23,6.0,,,,
2020-08-24,6.0,,,,
2020-08-25,6.0,,,,
2020-08-26,9.0,,,,
2020-08-27,6.0,,,,
2020-08-28,8.0,,,,
2020-08-29,5.0,,,,
2020-08-30,5.0,,,,
2020-08-31,5.0,,,,
2020-09-01,5.0,,,,
2020-09-02,5.0,,,,
2020-09-03,5.0,0,Liquid Exchange Listing,3,0.33333333333333004
2020-09-04,5.0,,,,
2020-09-05,4.0,,,,
2020-09-06,3.5,,,,
2020-09-07,4.5,,,,
2020-09-08,5.5,,,,
2020-09-09,6.5,,,,
2020-09-10,3.5,,,,
2020-09-11,3.0,,,,
2020-09-12,5.0,,,,
2020-09-13,3.5,,,,
2020-09-14,5.5,,,,
2020-09-15,6.0,,,,
2020-09-16,5.0,,,,
2020-09-17,6.0,,,,
2020-09-18,1.0,,,,
2020-09-19,5.0,,,,
2020-09-20,3.5,,,,
2020-09-21,6.5,,,,
2020-09-22,5.5,,,,
2020-09-23,4.5,,,,
2020-09-24,4.0,,,,
2020-09-25,4.5,,,,
2020-09-26,1.5,,,,
2020-09-27,3.0,,,,
2020-09-28,5.0,,,,
2020-09-29,3.5,,,,
2020-09-30,3.0,,,,
2020-10-01,5.0,,,,
2020-10-02,4.0,,,,
2020-10-03,5.5,,,,
2020-10-04,4.0,,,,
2020-10-05,3.5,,,,
2020-10-06,4.5,,,,
2020-10-07,3.5,,,,
2020-10-08,3.5,,,,
2020-10-09,3.5,,,,
2020-10-10,4.0,,,,
2020-10-11,4.0,,,,
2020-10-12,4.0,,,,
2020-10-13,3.0,,,,
2020-10-14,4.0,,,,
2020-10-15,2.0,,,,
2020-10-16,3.5,,,,
2020-10-17,1.0,,,,
2020-10-18,3.0,,,,
2020-10-19,4.0,,,,
2020-10-20,4.0,,,,
2020-10-21,4.5,,,,
2020-10-22,4.5,,,,
2020-10-23,4.5,,,,
2020-10-24,5.0,,,,
2020-10-25,3.5,,,,
2020-10-26,3.5,,,,
2020-10-27,5.0,,,,
2020-10-28,4.5,,,,
2020-10-29,4.5,,,,
2020-10-30,4.5,,,,
2020-10-31,4.5,,,,
2020-11-01,3.5,,,,
2020-11-02,3.0,,,,
2020-11-03,4.5,,,,
2020-11-04,3.5,,,,
2020-11-05,4.0,,,,
2020-11-06,5.0,,,,
2020-11-07,4.0,,,,
2020-11-08,4.5,,,,
2020-11-09,5.5,,,,
2020-11-10,4.0,,,,
2020-11-11,5.0,,,,
2020-11-12,4.5,,,,
2020-11-13,12.5,,,,
2020-11-14,22.0,,,,
2020-11-15,47.0,,,,
2020-11-16,82.5,,,,
2020-11-17,100.0,,,,
2020-11-18,45.5,,,,
2020-11-19,22.5,,,,
2020-11-20,12.5,,,,
2020-11-21,11.5,,,,
2020-11-22,8.0,,,,
2020-11-23,16.0,,,,
2020-11-24,13.5,,,,
2020-11-25,9.5,,,,
2020-11-26,8.5,,,,
2020-11-27,5.5,,,,
2020-11-28,5.5,,,,
2020-11-29,5.5,,,,
2020-11-30,6.5,,,,
2020-12-01,9.5,,,,
2020-12-02,6.0,,,,
2020-12-03,6.5,,,,
2020-12-04,4.5,,,,
2020-12-05,4.0,,,,
2020-12-06,6.0,,,,
2020-12-07,7.0,,,,
2020-12-08,6.5,,,,
2020-12-09,4.5,,,,
2020-12-10,7.0,,,,
2020-12-11,5.5,,,,
2020-12-12,6.0,,,,
2020-12-13,5.0,,,,
2020-12-14,6.0,,,,
2020-12-15,5.0,,,,
2020-12-16,8.0,,,,
2020-12-17,9.0,,,,
2020-12-18,9.0,,,,
2020-12-19,6.0,,,,
2020-12-20,6.0,,,,
2020-12-21,6.0,,,,
2020-12-22,4.0,,,,
2020-12-23,5.0,,,,
2020-12-24,5.0,,,,
2020-12-25,10.0,,,,
2020-12-26,8.0,,,,
2020-12-27,10.0,,,,
2020-12-28,6.0,,,,
2020-12-29,8.0,,,,
2020-12-30,5.0,,,,
2020-12-31,6.0,,,,
2021-01-01,12.0,,,,
2021-01-02,9.0,,,,
2021-01-03,12.0,,,,
2021-01-04,9.0,,,,
2021-01-05,13.0,,,,
2021-01-06,12.0,,,,
2021-01-07,18.0,,,,
2021-01-08,14.0,,,,
2021-01-09,18.0,,,,
2021-01-10,19.0,,,,
2021-01-11,12.0,,,,
2021-01-12,13.0,,,,
2021-01-13,11.0,,,,
2021-01-14,10.0,,,,
2021-01-15,10.0,,,,
2021-01-16,9.0,,,,
2021-01-17,7.0,,,,
2021-01-18,11.0,,,,
2021-01-19,11.0,,,,
2021-01-20,8.0,,,,
2021-01-21,12.0,,,,
2021-01-22,9.0,,,,
2021-01-23,9.0,,,,
2021-01-24,9.0,,,,
2021-01-25,8.0,,,,
2021-01-26,11.0,,,,
2021-01-27,9.0,,,,
2021-01-28,9.0,,,,
2021-01-29,13.0,,,,
2021-01-30,8.0,,,,
2021-01-31,10.0,,,,
2021-02-01,10.0,,,,
2021-02-02,10.0,,,,
2021-02-03,9.0,,,,
2021-02-04,9.0,,,,
2021-02-05,14.0,,,,
2021-02-06,18.0,,,,
2021-02-07,13.0,,,,
2021-02-08,24.0,,,,
2021-02-09,32.0,,,,
2021-02-10,28.0,,,,
2021-02-11,70.0,,,,
2021-02-12,39.0,,,,
2021-02-13,47.0,,,,
2021-02-14,30.0,,,,
2021-02-15,30.0,,,,
2021-02-16,31.0,,,,
2021-02-17,24.0,,,,
2021-02-18,38.0,,,,
2021-02-19,36.0,,,,
2021-02-20,29.0,,,,
2021-02-21,29.0,,,,
2021-02-22,27.0,,,,
2021-02-23,21.0,,,,
2021-02-24,24.0,,,,
2021-02-25,19.0,,,,
2021-02-26,15.0,,,,
2021-02-27,19.0,,,,
2021-02-28,16.0,,,,
2021-03-01,16.0,,,,
2021-03-02,15.0,,,,
2021-03-03,10.0,,,,
2021-03-04,17.0,,,,
2021-03-05,22.0,,,,
2021-03-06,16.0,,,,
2021-03-07,14.0,,,,
2021-03-08,16.0,,,,
2021-03-09,18.0,,,,
2021-03-10,17.0,,,,
2021-03-11,18.0,,,,
2021-03-12,17.0,,,,
2021-03-13,22.0,,,,
2021-03-14,16.0,,,,
2021-03-15,12.0,,,,
2021-03-16,12.0,,,,
2021-03-17,14.0,,,,
2021-03-18,16.0,,,,
2021-03-19,13.0,,,,
2021-03-20,15.0,,,,
2021-03-21,13.0,,,,
2021-03-22,19.0,,,,
2021-03-23,32.0,,,,
2021-03-24,18.0,,,,
2021-03-25,14.0,,,,
2021-03-26,13.0,,,,
2021-03-27,11.0,,,,
2021-03-28,8.0,,,,
2021-03-29,13.0,,,,
2021-03-30,12.0,,,,
2021-03-31,13.0,,,,
2021-04-01,16.0,,,,
2021-04-02,14.0,,,,
2021-04-03,11.0,,,,
2021-04-04,13.0,,,,
2021-04-05,20.0,,,,
2021-04-06,23.0,,,,
2021-04-07,15.0,,,,
2021-04-08,21.0,,,,
2021-04-09,20.0,,,,
2021-04-10,21.0,,,,
2021-04-11,25.0,,,,
2021-04-12,20.0,,,,
2021-04-13,21.0,,,,
2021-04-14,22.0,,,,
2021-04-15,23.0,,,,
2021-04-16,34.0,,,,
2021-04-17,29.0,,,,
2021-04-18,28.0,,,,
2021-04-19,25.0,,,,
2021-04-20,22.0,,,,
2021-04-21,22.0,,,,
2021-04-22,22.0,,,,
2021-04-23,19.0,,,,
2021-04-24,15.0,,,,
2021-04-25,16.0,,,,
2021-04-26,20.0,,,,
2021-04-27,23.0,,,,
2021-04-28,30.0,,,,
2021-04-29,24.0,,,,
2021-04-30,16.0,,,,
2021-05-01,17.0,,,,
2021-05-02,16.0,,,,
2021-05-03,21.0,,,,
2021-05-04,20.0,,,,
2021-05-05,18.0,,,,
2021-05-06,21.0,,,,
2021-05-07,23.0,,,,
2021-05-08,19.0,,,,
2021-05-09,16.0,,,,
2021-05-10,16.0,,,,
2021-05-11,14.0,,,,
2021-05-12,12.0,,,,
2021-05-13,21.0,,,,
2021-05-14,16.0,,,,
2021-05-15,12.0,,,,
2021-05-16,15.0,,,,
2021-05-17,15.0,,,,
2021-05-18,13.0,,,,
2021-05-19,17.0,,,,
2021-05-20,18.0,,,,
2021-05-21,15.0,,,,
2021-05-22,13.0,,,,
2021-05-23,15.0,,,,
2021-05-24,14.0,,,,
2021-05-25,10.0,,,,
2021-05-26,13.5,,,,
2021-05-27,13.387816646562122,,,,
2021-05-28,9.678528347406514,,,,
2021-05-29,9.777442702050664,,,,
2021-05-30,10.647768395657419,,,,
2021-05-31,9.5416164053076,,,,
